Date of occurrence,Sea area of occurrence,State Reporting,Competent authority,Casualty Report Nr.,Occurrence severity,Latitude,Longitude,Third party/other damage,Time (LT) of occurrence,Lives lost Occurrence-Total,People Injured Occurrence-Total,Port of accident,Investigation Status,Directive 2009/18,National location,Missing people Occurrence - Total,Loss / damage to ship or equipment,Did the ship sink?,Pollution (bunkers),Pollution (cargo),Place on board,Ship operation,Poll. quantity/bunker,Poll. quantity/cargo,Ship’s routeing,Voyage segment,Cargo damage,IMO number,Name of ship,Ship / craft type,Port of departure,Port of destination,Occurrence with ship(s),Deviation (CE),Occurrence with person(s),Release of pollutants in the air,Lat,Lon,Lat_original,Lon_original,Teatro_Maritimo
2016-01-18,Territorial sea,Portugal,Portugal - GAMA,522/2016,Less Serious,35°30' N,28°32' W,No,07:40,0.0,0.0,,Not Investigated,Yes,Portugal - Horta,,No damage,No,No,No,Engine department - Engine room,Normal service - In passage - Transitional mode,0.0,0.0,Recommended track,Arrival,No,,,Passenger ship - Passenger and Ro-Ro cargo - Domestic - Class A,PORTUGAL - Horta,PORTUGAL - Madalena,Loss of control - Loss of propulsion power,,,No,35.5,-28.533333333333335,35.5,-28.533333333333335,Açores
2018-02-05,High sea - Within EEZ,Portugal,Portugal - GAMA,464/2018,Serious,40°58.07' N,8°52.07' W,No,07:40,0.0,0.0,,Not Investigated,Yes,,,Material damage,No,No,Unknown,Engine department - Engine room,Normal service - In passage - Transitional mode,0.0,,Recommended route,Departure,Unknown,,,Cargo ship - Solid Cargo - Container Ship,PORTUGAL - Leixoes,PORTUGAL - Caniçal; Madeira,Loss of control - Loss of propulsion power,,,No,40.96783333333333,-8.867833333333333,40.96783333333333,-8.867833333333333,Continente
2016-10-05,Territorial sea,Portugal,Portugal - GAMA,3182/2017,Less Serious,40°40.5' N,8°3.5' W,No,00:16,0.0,1.0,,Not Investigated,Yes,Portugal - Aveiro,,,,,,Ship - Deck - Boat deck,Fishing - Shooting/hauling fishing gear,,,No routeing system,Mid-water,,,,Fishing vessel - Gillnetter,PORTUGAL - Aveiro,PORTUGAL - Aveiro,,Body movement without any physical stress (generally leading to an external injury) - Being caught or carried away; by something or by momentum,Accident,,40.645,-8.772,40.675,-8.058333333333334,Continente
2016-02-11,Territorial sea,Portugal,Portugal - GAMA,717/2016,Serious,41°0' N,9°18' W,No,00:05,0.0,0.0,,Not Investigated,Yes,Portugal - Aveiro,,Material damage,No,No,No,Engine department - Engine room,Unknown,0.0,0.0,Unknown,Unknown,No,,,Fishing vessel - Dredger,PORTUGAL - Aveiro,PORTUGAL - Aveiro,Loss of control - Loss of propulsion power,,,No,41.0,-9.3,41.0,-9.3,Continente
2017-05-23,High sea - Within EEZ,Portugal,Portugal - GAMA,2296/2017,Less Serious,40°38.21' N,9°2.08' W,No,00:14,0.0,1.0,,Not Investigated,Yes,Portugal - Peniche,,,,,,Ship - Deck - Boat deck,Fishing - Shooting/hauling fishing gear,,,No routeing system,Mid-water,,,,Fishing vessel - Liner,PORTUGAL - Peniche,PORTUGAL - Peniche,,Body movement without any physical stress (generally leading to an external injury) - Uncoordinated movements; spurious or untimely actions,Accident,,40.636833333333335,-9.034666666666666,40.636833333333335,-9.034666666666666,Continente
2016-01-22,Territorial sea,Portugal,Portugal - GAMA,716/2016,Serious,41°34.06' N,9°5.22' W,No,10:40,0.0,0.0,,Not Investigated,Yes,Portugal - Viana do Castelo,,Material damage,No,No,No,Ship - Deck - Freeboard deck,Fishing - Fishing,0.0,0.0,No routeing system,Mid-water,No,,,Fishing vessel - Gillnetter,PORTUGAL - Viana do Castelo,PORTUGAL - Viana do Castelo,Collision - With other ship,,,No,41.56766666666667,-9.087,41.56766666666667,-9.087,Continente
2016-01-22,Territorial sea,Portugal,Portugal - GAMA,716/2016,Serious,41°34.06' N,9°5.22' W,No,10:40,0.0,0.0,,Not Investigated,Yes,Portugal - Viana do Castelo,,,No,Unknown,Unknown,Ship - Unknown,Unknown,,,Unknown,Unknown,Unknown,,,Cargo ship - Liquid Cargo - Liquified gas tanker - LPG - Type 3G,Unknown,Unknown,Collision - With other ship,,,No,41.56766666666667,-9.087,41.56766666666667,-9.087,Continente
2013-09-14,Territorial sea,Portugal,Portugal - GAMA,1383/2013,Very serious,32°38.582' N,16°54.275' W,No,16:15,1.0,0.0,PORTUGAL - Funchal; Madeira,Not Investigated,Yes,Portugal - Funchal,,,,,,Bridge - Other space,Other,,,,Mid-water,,,,Fishing vessel - Trawler,PORTUGAL - Zona Franca da Madeira,PORTUGAL - Zona Franca da Madeira,,Deviation due to electrical problems; explosion; fire - Electrical problem - leading to direct contact,Accid. not rel. to ship oper.,,32.643033333333335,-16.904583333333335,32.643033333333335,-16.904583333333335,Madeira
2017-04-19,Territorial sea,Portugal,Portugal - GAMA,1810/2017,Less Serious,37°3.36' N,8°48.57' W,No,05:00,0.0,1.0,,Not Investigated,Yes,Portugal - Portimão,,,,,,Ship - Deck - Boat deck,Fishing - Shooting/hauling fishing gear,,,No routeing system,Mid-water,,,,Fishing vessel - Gillnetter,PORTUGAL - Portimao,PORTUGAL - Portimao,,Body movement without any physical stress (generally leading to an external injury) - Being caught or carried away; by something or by momentum,Accident,,37.01951105008814,-8.808969014185845,37.056,-8.8095,Continente
2017-07-04,Territorial sea,Portugal,Portugal - GAMA,2905/2017,Less Serious,41°41.33' N,8°49.18' W,No,23:30,0.0,1.0,,Not Investigated,Yes,Portugal - Viana do Castelo,,,,,,Ship - Deck - Boat deck,Normal service - In passage - Transitional mode,,,No routeing system,Arrival,,,,Fishing vessel - Gillnetter,PORTUGAL - Viana do Castelo,PORTUGAL - Viana do Castelo,,Body movement without any physical stress (generally leading to an external injury) - Uncoordinated movements; spurious or untimely actions,Accident,,41.68481615810437,-8.868193889376448,41.688833333333335,-8.819666666666667,Continente
2016-05-27,Territorial sea,Portugal,Portugal - GAMA,2298/2016,Very serious,41°2.02' N,8°54.85' W,No,01:00,1.0,0.0,,Finished,Yes,Portugal - Leixões,,No damage,,,,Ship - Deck - Boat deck,Fishing - Towing fishing gear,,,No routeing system,Mid-water,No,,ROMILDA PAULA,Fishing vessel - Liner,PORTUGAL - Matosinhos,PORTUGAL - Matosinhos,,Slipping - Stumbling and falling - Fall of persons - Fall overboard of person,Accident,,41.03366666666667,-8.914166666666667,41.03366666666667,-8.914166666666667,Continente
2016-01-15,Territorial sea,Portugal,Portugal - GAMA,1238/2016,Serious,38°8.17' N,8°47.52' W,No,01:40,0.0,0.0,,Not Investigated,Yes,Portugal - Sines,,Material damage,No,No,No,,Fishing - Fishing,0.0,0.0,Unknown,Transit,No,,,Fishing vessel - Liner,PORTUGAL - Setubal,PORTUGAL - Setubal,Grounding/stranding - Drift,,,No,38.03108277409407,-8.970126132613723,38.13616666666667,-8.792,Continente
2016-01-15,Territorial sea,Portugal,Portugal - GAMA,1238/2016,Serious,38°8.17' N,8°47.52' W,No,01:40,0.0,0.0,,Not Investigated,Yes,Portugal - Sines,,Material damage,No,No,No,,Fishing - Fishing,0.0,0.0,No routeing system,Transit,No,,,Fishing vessel - Liner,PORTUGAL - Setubal,PORTUGAL - Setubal,Grounding/stranding - Drift,,,No,38.03108277409407,-8.970126132613723,38.13616666666667,-8.792,Continente
2017-03-02,Territorial sea,Portugal,Portugal - GAMA,1101/2017,Less Serious,40°10' N,9°0' W,No,17:16,0.0,1.0,,Not Investigated,Yes,Portugal - Figueira da Foz,,,,,,Ship - Deck - Boat deck,Fishing - Fishing,,,Unknown,Mid-water,,,,Fishing vessel - Gillnetter,PORTUGAL - Figueira da Foz,PORTUGAL - Figueira da Foz,,Slipping - Stumbling and falling - Fall of persons - Slipping - Stumbling and falling - Fall of person - on the same level,Accident,,40.166666666666664,-9.0,40.166666666666664,-9.0,Continente
2014-03-25,Territorial sea,Portugal,Portugal - GAMA,879/2014,Serious,40°38.43' N,8°47.3' W,No,09:15,0.0,0.0,PORTUGAL - Aveiro,Not Investigated,Yes,Portugal - Aveiro,,Material damage,No,No,No,Ship - Propeller/rudder/thruster,Normal service - Under pilotage,0.0,0.0,Recommended route,Arrival,No,,,Cargo ship - Solid Cargo - General Cargo,SPAIN - Ceuta,PORTUGAL - Aveiro,Loss of control - Loss of directional control,,,,40.6405,-8.788333333333334,40.6405,-8.788333333333334,Continente
2016-08-18,Territorial sea,Portugal,Portugal - GAMA,3466/2016,Less Serious,39°19.854' N,9°24.876' W,No,19:00,0.0,1.0,,Not Investigated,Yes,Portugal - Peniche,0.0,,,,,Ship - Deck - Boat deck,Fishing - Fishing,,,Unknown,Mid-water,,,,Fishing vessel - Liner,PORTUGAL - Peniche,PORTUGAL - Peniche,,Slipping - Stumbling and falling - Fall of persons - Slipping - Stumbling and falling - Fall of person - on the same level,Accident,,39.3309,-9.4146,39.3309,-9.4146,Continente
2017-07-13,Territorial sea,Portugal,Portugal - GAMA,2919/2017,Less Serious,39°20.47' N,9°24.22' W,No,14:49,0.0,1.0,,Not Investigated,Yes,Portugal - Peniche,,,,,,Ship - Deck - Boat deck,Fishing - Fishing,,,No routeing system,Mid-water,,,,Fishing vessel - Seiner - Purse seiner,PORTUGAL - Peniche,PORTUGAL - Peniche,,Slipping - Stumbling and falling - Fall of persons - Fall of person - to a lower level,Accident,,39.34208815245743,-9.444509494153161,39.341166666666666,-9.403666666666666,Continente
2014-04-08,Territorial sea,Portugal,Portugal - GAMA,987/2014,Very serious,36°58.177' N,7°51.976' W,No,03:00,0.0,0.0,PORTUGAL - Olhao,Not Investigated,Yes,Portugal - Olhão,,Material damage,Yes,Yes,,,Normal service - In passage - Displacement mode,1.5,,No routeing system,Transit,,,,Fishing vessel - Trawler - Stern,SPAIN - Isla Cristina,PORTUGAL - Quarteira,Contact - Shore object,,,No,36.96961666666667,-7.866266666666666,36.96961666666667,-7.866266666666666,Continente
2013-01-19,Territorial sea,Portugal,Portugal - GAMA,900/2013,Serious,40°43.32' N,8°43.81' W,No,08:30,0.0,0.0,,Finished,Yes,Portugal - Aveiro,,Material damage,No,No,No,Ship - Propeller/rudder/thruster,Normal service - In passage - Displacement mode,0.0,0.0,No routeing system,Transit,Unknown,8918306.0,MERLE,Cargo ship - Solid Cargo - General Cargo,SPAIN - Vivero,SPAIN - Huelva,Grounding/stranding - Drift,,,No,40.7199218934615,-8.78152046160008,40.722,-8.730166666666667,Continente
2013-01-16,Territorial sea,Portugal,Portugal - GAMA,806/2014,Very serious,40°0' N,9°0' W,No,13:25,1.0,0.0,,Finished,Yes,Portugal - Figueira da Foz,,Material damage,No,No,No,Ship - Deck - Poop deck,Fishing - Shooting/hauling fishing gear,0.0,0.0,No routeing system,Mid-water,Yes,,NEPTUNO,Fishing vessel - Trawler - Stern,PORTUGAL - Aveiro,PORTUGAL - Figueira da Foz,Damage / loss of equipment,,,No,40.0,-9.0,40.0,-9.0,Continente
2016-05-18,Territorial sea,Portugal,Portugal - GAMA,2291/2016,Less Serious,40°37.618' N,8°47.542' W,No,04:20,0.0,1.0,,Not Investigated,Yes,Portugal - Aveiro,,,,,,Ship - Deck - Boat deck,Fishing - Fishing,,,Unknown,Unknown,,,,Fishing vessel - Liner,PORTUGAL - Aveiro,PORTUGAL - Aveiro,,Loss of control (total or partial) of machine; means of transport or handling equipment; handheld tool; object; animal - Loss of control (total or partial) - of means of transport or handling equipment; (motorised or not),Accident,,40.62696666666667,-8.792366666666666,40.62696666666667,-8.792366666666666,Continente
2015-12-03,Territorial sea,Portugal,Portugal - GAMA,2024/001349,Very serious,41°44.03' N,9°0.15' W,No,07:38,1.0,0.0,,Finished,Yes,Portugal - Viana do Castelo,,No damage,No,,,Ship - Deck - Boat deck,Fishing - Fishing,,,No routeing system,Mid-water,No,,VASQUES CALAFATE,Fishing vessel - Gillnetter,PORTUGAL - Viana do Castelo,PORTUGAL - Viana do Castelo,,Slipping - Stumbling and falling - Fall of persons - Fall overboard of person,Accident,,41.73383333333334,-9.0025,41.73383333333334,-9.0025,Continente
2013-03-28,High sea,Portugal,Portugal - GAMA,1386/2013,Less Serious,41°9.974' N,9°7.718' W,No,19:55,0.0,0.0,,Not Investigated,Yes,Portugal,,Material damage,No,No,No,Engine department - Engine room,Normal service - In passage - Transitional mode,0.0,0.0,No routeing system,Transit,No,,,Cargo ship - Solid Cargo - General Cargo,SPAIN - Garrucha,NETHERLANDS - Rotterdam,Loss of control - Loss of propulsion power,,,No,41.16623333333333,-9.128633333333333,41.16623333333333,-9.128633333333333,Continente
2016-04-04,Territorial sea,Portugal,Portugal - GAMA,2024/001362,Very serious,37°17.44' N,8°52.36' W,No,11:00,0.0,0.0,,Finished,Yes,Portugal - Portimão,,Material damage,No,No,No,Ship - Over side,Fishing - Fishing,0.0,0.0,No routeing system,Mid-water,No,,AVÔ MELRO,Fishing vessel - Gillnetter,Unknown,Unknown,Grounding/stranding,,,No,37.297654561655804,-8.980431921010089,37.29066666666667,-8.872666666666667,Continente
2016-03-13,High sea - Within EEZ,Portugal,Portugal - GAMA,1188/2016,Serious,36°58.02' N,11°27.03' W,No,14:00,0.0,0.0,,Not Investigated,Yes,,,Material damage,No,No,No,Engine department - Engine room,Normal service - In passage - Transitional mode,0.0,0.0,No routeing system,Mid-water,No,,,Cargo ship - Solid Cargo - Container Ship,PORTUGAL - Lisboa,PORTUGAL - Caniçal; Madeira,Loss of control - Loss of propulsion power,,,No,36.967,-11.4505,36.967,-11.4505,Continente
2013-05-28,Territorial sea,Portugal,Portugal - GAMA,1451/2013,Serious,38°33.556' N,28°26.891' W,No,14:00,0.0,1.0,PORTUGAL - Vila do Porto,Not Investigated,Yes,Portugal,,,,,,Ship - Stairs/ladders,Fishing - Fishing,,,,Mid-water,,,,Fishing vessel - Multipurpose - Other multipurpose,PORTUGAL - Vila do Porto,PORTUGAL - Vila do Porto,,Slipping - Stumbling and falling - Fall of persons - Fall of person - to a lower level,Accident,,38.559266666666666,-28.448183333333333,38.559266666666666,-28.448183333333333,Açores
2017-12-06,Territorial sea,Portugal,Portugal - GAMA,4764/2017,Less Serious,37°43.22' N,9°9.35' W,No,22:04,0.0,0.0,,Not Investigated,Yes,Portugal - Sines,,Material damage,No,No,No,Ship - Over side,Normal service - In passage - Transitional mode,0.0,0.0,No routeing system,Arrival,No,,,Fishing vessel - Gillnetter,PORTUGAL - Sines,PORTUGAL - Sines,Collision - With other ship,,,No,37.720333333333336,-9.155833333333334,37.720333333333336,-9.155833333333334,Continente
2017-12-06,Territorial sea,Portugal,Portugal - GAMA,4764/2017,Less Serious,37°43.22' N,9°9.35' W,No,22:04,0.0,0.0,,Not Investigated,Yes,Portugal - Sines,,Material damage,No,No,No,Ship - Over side,Sailing - Beam reaching,0.0,0.0,No routeing system,Transit,No,,,Recreational craft - Sailboat (sail only),PORTUGAL - Cascais,,Collision - With other ship,,,No,37.720333333333336,-9.155833333333334,37.720333333333336,-9.155833333333334,Continente
2013-10-31,Territorial sea,Portugal,Portugal - GAMA,48/2014,Serious,41°5.081' N,8°46.442' W,No,08:00,0.0,0.0,PORTUGAL - Matosinhos,Not Investigated,Yes,Portugal,,No damage,No,No,No,Engine department - Engine room,Fishing - Shooting/hauling fishing gear,0.0,0.0,No routeing system,Mid-water,Unknown,,,Fishing vessel - Trawler - Stern,PORTUGAL - Matosinhos,PORTUGAL - Matosinhos,Loss of control - Loss of propulsion power,,,Unknown,41.08468333333333,-8.774033333333334,41.08468333333333,-8.774033333333334,Continente
2017-03-29,High sea - Within EEZ,Portugal,Portugal - GAMA,1695/2017,Serious,37°30.01' N,9°47.07' W,No,11:00,0.0,0.0,,Not Investigated,Yes,,,Material damage,No,No,No,Engine department - Engine room,Normal service - In passage - Transitional mode,0.0,0.0,Recommended route,Transit,No,,,Cargo ship - Solid Cargo - General Cargo,PORTUGAL - Figueira da Foz,ITALY - Livorno (Leghorn),Loss of control - Loss of propulsion power,,,No,37.500166666666665,-9.7845,37.500166666666665,-9.7845,Continente
2013-06-05,Territorial sea,Portugal,Portugal - GAMA,1490/2013,Less Serious,40°46.8' N,9°11.7' W,No,04:45,0.0,0.0,,Not Investigated,Yes,Portugal,,Material damage,No,No,No,Ship - Over side,Fishing,0.0,0.0,No routeing system,Mid-water,No,,,Fishing vessel - Trawler - Stern,PORTUGAL - Aveiro,PORTUGAL - Aveiro,Collision - With other ship,,,No,40.78,-9.195,40.78,-9.195,Continente
2013-06-05,Territorial sea,Portugal,Portugal - GAMA,1490/2013,Less Serious,40°46.8' N,9°11.7' W,No,04:45,0.0,0.0,,Not Investigated,Yes,Portugal,,Material damage,No,No,No,Ship - Over side,Fishing,0.0,0.0,No routeing system,Mid-water,No,,,Fishing vessel - Trawler - Stern,PORTUGAL - Leixoes,PORTUGAL - Leixoes,Collision - With other ship,,,No,40.78,-9.195,40.78,-9.195,Continente
2017-09-01,Territorial sea,Portugal,Portugal - GAMA,3956/2017,Less Serious,39°21.53' N,9°33.26' W,No,15:30,0.0,1.0,,Not Investigated,Yes,Portugal - Peniche,,,,,,Ship - Deck - Boat deck,Fishing - Shooting/hauling fishing gear,,,No routeing system,Mid-water,,,,Fishing vessel - Seiner - Purse seiner,PORTUGAL - Peniche,PORTUGAL - Peniche,,Body movement without any physical stress (generally leading to an external injury) - Being caught or carried away; by something or by momentum,Accident,,39.35883333333334,-9.554333333333334,39.35883333333334,-9.554333333333334,Continente
2017-08-15,Territorial sea,Portugal,Portugal - GAMA,3280/2017,Very serious,37°5.53' N,8°28.57' W,No,18:45,1.0,0.0,,Finished,Yes,Portugal - Portimão,,No damage,No,No,No,Ship - Propeller/rudder/thruster,Normal service - In passage - Transitional mode,0.0,0.0,No routeing system,Mid-water,No,,Roisin Alvor,Recreational craft - Motorboat,PORTUGAL - Portimao,PORTUGAL - Portimao,Loss of control - Loss of directional control,,,No,37.05915477531746,-8.476077366278096,37.092166666666664,-8.476166666666666,Continente
2013-08-13,Territorial sea,Portugal,Portugal - GAMA,1562/2013,Less Serious,41°38.833' N,8°51.628' W,No,08:38,0.0,1.0,PORTUGAL - Viana do Castelo,Not Investigated,Yes,Portugal,,,,,,Ship - Deck - Poop deck,Fishing - Shooting/hauling fishing gear,,,,Mid-water,,,,Fishing vessel - Seiner - Other seiner,PORTUGAL - Figueira da Foz,PORTUGAL - Figueira da Foz,,Loss of control (total or partial) of machine; means of transport or handling equipment; handheld tool; object; animal - Loss of control (total or partial) - of machine (including unwanted start-up) or of the material being worked by the machine,Accident,,41.647216666666665,-8.860466666666667,41.647216666666665,-8.860466666666667,Continente
2017-02-08,Territorial sea,Portugal,Portugal - GAMA,942/2017,Less Serious,39°26.514' N,9°21.473' W,No,12:50,0.0,1.0,,Not Investigated,Yes,,,,,,,Accommodation - Alleyway,Fishing - Towing fishing gear,,,Unknown,Mid-water,,,,Fishing vessel - Trawler - Stern,PORTUGAL - Peniche,PORTUGAL - Peniche,,Slipping - Stumbling and falling - Fall of persons - Fall of person - to a lower level,Accident,,39.4419,-9.357883333333334,39.4419,-9.357883333333334,Continente
2015-10-27,Territorial sea,Portugal,Portugal - GAMA,3631/2015,Less Serious,32°43.635' N,16°39.217' W,No,11:45,0.0,0.0,,Not Investigated,Yes,Portugal - Porto Santo,,Material damage,No,No,No,Ship - Propeller/rudder/thruster,Normal service - In passage - Transitional mode,0.0,0.0,Inshore traffic zone,Transit,No,,,Service ship - Tug (Towing/Pushing),PORTUGAL - Porto Santo Island Apt,PORTUGAL - Caniçal; Madeira,Contact - Shore object,,,No,32.72725,-16.653616666666668,32.72725,-16.653616666666668,Madeira
2013-12-24,Territorial sea,Portugal,Portugal - GAMA,87/2014,Very serious,38°36.07' N,9°24.03' W,No,15:45,1.0,4.0,,Finished,Yes,Portugal - Lisboa,,,,,,Ship - Deck - Freeboard deck,Normal service - In passage,,,Recommended route,Unknown,,9500077.0,SAFMARINE LONGA,Cargo ship - Solid Cargo - General Cargo,PORTUGAL - Lisboa,SENEGAL - Dakar,,Slipping - Stumbling and falling - Fall of persons - Fall overboard of person,Accident,,38.601166666666664,-9.4005,38.601166666666664,-9.4005,Continente
2017-03-29,High sea - Within EEZ,Portugal,Portugal - GAMA,1699/2017,Less Serious,38°14.75' N,9°27.74' W,No,20:30,0.0,0.0,,Not Investigated,Yes,,,Material damage,No,No,No,Engine department - Engine room,Normal service - In passage - Transitional mode,0.0,0.0,Recommended route,Transit,No,,,Cargo ship - Solid Cargo - General Cargo,PORTUGAL - Setubal,SPAIN - A Coruña,Loss of control - Loss of propulsion power,,,No,38.24583333333333,-9.462333333333333,38.24583333333333,-9.462333333333333,Continente
2013-11-15,Territorial sea,Portugal,Portugal - GAMA,52/2014,Serious,38°48.49' N,27°6.07' W,No,16:50,0.0,0.0,PORTUGAL - Praia da Vitoria,Not Investigated,Yes,Portugal,,,No,No,No,Engine department - Engine room,Normal service - In passage - Displacement mode,0.0,0.0,Two-way route,Transit,No,,,Passenger ship - Passenger and Ro-Ro cargo - Domestic - Class A,PORTUGAL - Santa Cruz da Graciosa,PORTUGAL - Praia da Vitoria,Contact - Floating object - Other,,,Unknown,38.808166666666665,-27.101166666666668,38.808166666666665,-27.101166666666668,Açores
2013-04-12,Territorial sea,Portugal,Portugal - GAMA,1455/2013,Less Serious,40°37' N,8°46' W,No,06:55,0.0,1.0,,Not Investigated,Yes,Portugal,,,,,,Ship - Deck - Poop deck,Fishing - Shooting/hauling fishing gear,,,,Mid-water,,,,Fishing vessel - Potter,PORTUGAL - Aveiro,PORTUGAL - Aveiro,,Loss of control (total or partial) of machine; means of transport or handling equipment; handheld tool; object; animal - Loss of control (total or partial) - of object (being carried; moved; handled; etc.),Accident,,40.61666666666667,-8.766666666666667,40.61666666666667,-8.766666666666667,Continente
2017-11-20,High sea - Within EEZ,Portugal,Portugal - GAMA,4552/2017,Very serious,40°31.5' N,9°4.75' W,No,13:30,1.0,0.0,,Finished,Yes,,,,,,,Ship - Deck - Freeboard deck,Fishing - Shooting/hauling fishing gear,,,Recommended route,Mid-water,,,SÉRGIO SORAIA,Fishing vessel - Gillnetter,PORTUGAL - Aveiro,PORTUGAL - Aveiro,,Slipping - Stumbling and falling - Fall of persons - Fall overboard of person,Accident,,40.525,-9.079166666666667,40.525,-9.079166666666667,Continente
2017-02-13,Territorial sea,Portugal,Portugal - GAMA,1413/2017,Serious,36°45.25' N,7°56.57' W,No,06:00,0.0,0.0,,Not Investigated,Yes,Portugal - Olhão,,Material damage,No,No,No,Cargo and tank areas - Other,Fishing - Towing fishing gear,0.0,0.0,No routeing system,Mid-water,No,,,Fishing vessel - Trawler - Stern,PORTUGAL - Olhao,PORTUGAL - Olhao,Flooding/Foundering - Flooding - Progressive,,,No,36.75416666666667,-7.942833333333334,36.75416666666667,-7.942833333333334,Continente
2017-02-13,Territorial sea,Portugal,Portugal - GAMA,1413/2017,Serious,36°45.25' N,7°56.57' W,No,06:00,0.0,0.0,,Not Investigated,Yes,Portugal - Olhão,,Material damage,No,No,No,Engine department - Engine room,Fishing - Towing fishing gear,0.0,0.0,No routeing system,Mid-water,No,,,Fishing vessel - Trawler - Stern,PORTUGAL - Olhao,PORTUGAL - Olhao,Flooding/Foundering - Flooding - Progressive,,,No,36.75416666666667,-7.942833333333334,36.75416666666667,-7.942833333333334,Continente
2017-06-16,High sea - Within EEZ,Portugal,Portugal - GAMA,3180/2017,Serious,31°38.38' N,17°16.12' W,No,03:21,0.0,0.0,,Not Investigated,Yes,Portugal - Funchal,,Material damage,No,No,No,Pump room - Pump room,Fishing - Fishing,0.0,0.0,No routeing system,Mid-water,No,,,Fishing vessel - Liner,PORTUGAL - Caniçal; Madeira,PORTUGAL - Caniçal; Madeira,Flooding/Foundering - Flooding - Progressive,,,No,31.639666666666667,-17.268666666666668,31.639666666666667,-17.268666666666668,Madeira
2017-08-07,Territorial sea,Portugal,Portugal - GAMA,3188/2017,Serious,39°19.08' N,10°30.3' W,No,19:00,0.0,0.0,,Not Investigated,Yes,Portugal - Peniche,,Material damage,No,No,No,Engine department - Engine room,Special service - Towing/pushing,0.0,0.0,No routeing system,Transit,No,,,Service ship - Tug (Towing/Pushing),PORTUGAL - Figueira da Foz,PORTUGAL - Aveiro,Loss of control - Loss of propulsion power,,,No,39.318,-10.505,39.318,-10.505,Continente
2017-08-07,Territorial sea,Portugal,Portugal - GAMA,3188/2017,Serious,39°19.08' N,10°30.3' W,No,19:00,0.0,0.0,,Not Investigated,Yes,Portugal - Peniche,,Material damage,No,No,No,Engine department - Engine room,Special service - Towing/pushing,0.0,0.0,No routeing system,Transit,No,,,Service ship - Tug (Towing/Pushing),PORTUGAL - Figueira da Foz,PORTUGAL - Aveiro,Fire/Explosion - Fire,,,No,39.318,-10.505,39.318,-10.505,Continente
2017-01-02,High sea - Within EEZ,Portugal,Portugal - GAMA,387/2017,Less Serious,39°0' N,9°0' W,No,21:10,0.0,2.0,,Not Investigated,Yes,Portugal - Sines,,,,,,Ship - Unknown,Normal service - In passage - Transitional mode,,,No routeing system,Transit,,,,Cargo ship - Liquid Cargo - Chemical tanker,Unknown,MOROCCO - Mohammedia,,No information,Accident,,39.07131955980188,-9.487213033029512,39.0,-9.0,Continente
2018-04-13,Territorial sea,Portugal,Portugal - GAMA,1360/2018,Less Serious,32°38.54' N,16°53.9' W,No,06:30,0.0,1.0,,Not Investigated,Yes,Portugal - Funchal,,,,,,Ship - Deck - Boat deck,Sailing - Head to wind,,,No routeing system,Departure,,,,Passenger ship - Only passenger - International,PORTUGAL - Funchal; Madeira,PORTUGAL - Funchal; Madeira,,Body movement under or with physical stress (generally leading to an internal injury) - Pushing; pulling,Accident,,32.64233333333333,-16.898333333333333,32.64233333333333,-16.898333333333333,Madeira
2016-09-01,Territorial sea,Portugal,Portugal - GAMA,3473/2016,Serious,37°0.192' N,8°56.905' W,No,23:40,0.0,0.0,,Not Investigated,Yes,Portugal - Lagos,,Material damage,No,No,No,Ship - Over side,Normal service - In passage - Transitional mode,0.0,0.0,Unknown,Mid-water,No,,,Fishing vessel - Gillnetter,PORTUGAL - Sagres,PORTUGAL - Portimao,Grounding/stranding - Power,,,No,37.0032,-8.948416666666667,37.0032,-8.948416666666667,Continente
2013-09-02,Territorial sea,Portugal,Portugal - GAMA,1580/2013,Less Serious,41°23' N,8°49' W,No,10:25,0.0,1.0,PORTUGAL - Vila do Conde,Not Investigated,Yes,Portugal,,,,,,Ship - Deck - Poop deck,Fishing - Shooting/hauling fishing gear,,,,Mid-water,,,,Fishing vessel - Multipurpose - Seiner-Handliner,PORTUGAL - Leixoes,PORTUGAL - Leixoes,,Loss of control (total or partial) of machine; means of transport or handling equipment; handheld tool; object; animal - Loss of control (total or partial) - of object (being carried; moved; handled; etc.),Accident,,41.38333333333333,-8.816666666666666,41.38333333333333,-8.816666666666666,Continente
2017-09-11,Territorial sea,Portugal,Portugal - GAMA,3993/2017,Less Serious,41°40.05' N,8°43.02' W,No,07:10,0.0,1.0,,Not Investigated,Yes,Portugal - Leixões,,,,,,Ship - Deck - Boat deck,Fishing - Fishing,,,No routeing system,Mid-water,,,,Fishing vessel - Seiner - Purse seiner,PORTUGAL - Matosinhos,PORTUGAL - Matosinhos,,Body movement without any physical stress (generally leading to an external injury) - Being caught or carried away; by something or by momentum,Accident,,41.63719379936542,-8.85405149193276,41.6675,-8.717,Continente
2015-10-23,Territorial sea,Portugal,Portugal - GAMA,3630/2015,Serious,38°26.84' N,9°1.97' W,No,02:05,0.0,0.0,,Not Investigated,Yes,Portugal - Setúbal,,Material damage,No,No,No,Cargo and tank areas - Cofferdam/void space,Fishing - Gutting/handling/stowing fish,0.0,0.0,No routeing system,Transit,Unknown,,,Fishing vessel - Liner,PORTUGAL - Setubal,PORTUGAL - Setubal,Damage / loss of equipment,,,No,38.348152094063224,-9.202919947057312,38.44733333333333,-9.032833333333333,Continente
2013-11-27,High sea - Within EEZ,Portugal,Portugal - GAMA,235/2014,Very serious,40°54.5' N,9°13.5' W,No,14:30,0.0,0.0,,Finished,Yes,,0.0,Loss of ship - Constructive loss,No,No,No,Ship - Bulbous,Sailing - Running,0.0,0.0,No routeing system,,No,,Jade V,Recreational craft - Sailboat (sail only),FRANCE - La Rochelle,PORTUGAL - Cascais,Collision - With other ship,,,No,40.90833333333333,-9.225,40.90833333333333,-9.225,Continente
2013-11-27,High sea - Within EEZ,Portugal,Portugal - GAMA,235/2014,Very serious,40°54.5' N,9°13.5' W,No,14:30,0.0,0.0,,Finished,Yes,,0.0,Loss of ship - Constructive loss,No,No,No,Ship - Deck - Forecastle deck,Sailing - Running,0.0,0.0,No routeing system,,No,,Jade V,Recreational craft - Sailboat (sail only),FRANCE - La Rochelle,PORTUGAL - Cascais,Collision - With other ship,,,No,40.90833333333333,-9.225,40.90833333333333,-9.225,Continente
2013-11-27,High sea - Within EEZ,Portugal,Portugal - GAMA,235/2014,Very serious,40°54.5' N,9°13.5' W,No,14:30,0.0,0.0,,Finished,Yes,,0.0,Material damage,No,No,No,Ship - Over side,Sailing - Cruising using engine,0.0,0.0,No routeing system,Transit,No,,Estrela do Oceano,Fishing vessel - Liner,PORTUGAL - Leixoes,PORTUGAL - Leixoes,Collision - With other ship,,,No,40.90833333333333,-9.225,40.90833333333333,-9.225,Continente
2017-02-24,Territorial sea,Portugal,Portugal - GAMA,1097/2017,Less Serious,37°59.453' N,8°55.316' W,No,01:16,0.0,1.0,,Not Investigated,Yes,Portugal - Sines,,,,,,Accommodation - Cabin space - crew,Unknown,,,Unknown,Unknown,,,,Fishing vessel - Trawler - Stern,PORTUGAL - Sines,PORTUGAL - Sines,,Slipping - Stumbling and falling - Fall of persons - Fall of person - to a lower level,Accident,,37.990883333333336,-8.921933333333333,37.990883333333336,-8.921933333333333,Continente
2017-04-25,Territorial sea,Portugal,Portugal - GAMA,1713/2017,Less Serious,40°8.52' N,8°55.26' W,No,03:00,0.0,1.0,,Not Investigated,Yes,Portugal - Figueira da Foz,,,,,,Ship - Deck - Boat deck,Fishing - Shooting/hauling fishing gear,,,No routeing system,Mid-water,,,,Fishing vessel - Trawler - Stern,PORTUGAL - Figueira da Foz,PORTUGAL - Figueira da Foz,,Body movement without any physical stress (generally leading to an external injury) - Being caught or carried away; by something or by momentum,Accident,,40.142,-8.921,40.142,-8.921,Continente
2015-11-30,Territorial sea,Portugal,Portugal - GAMA,4079/2015,Serious,39°49' N,9°20' W,Material damage,14:30,0.0,0.0,,Not Investigated,Yes,Portugal - Nazaré,,Material damage,No,No,No,Cargo and tank areas - Cargo hold,Normal service - In passage - Transitional mode,0.0,0.0,No routeing system,Transit,Yes,,,Fishing vessel - Dredger,PORTUGAL - Nazare,SPAIN - Vigo,Fire/Explosion - Fire,,,No,39.81666666666667,-9.333333333333334,39.81666666666667,-9.333333333333334,Continente
2015-11-30,Territorial sea,Portugal,Portugal - GAMA,4079/2015,Serious,39°49' N,9°20' W,Material damage,14:30,0.0,0.0,,Not Investigated,Yes,Portugal - Nazaré,,Material damage,No,No,No,Engine department - Engine room,Normal service - In passage - Transitional mode,0.0,0.0,No routeing system,Transit,Yes,,,Fishing vessel - Dredger,PORTUGAL - Nazare,SPAIN - Vigo,Fire/Explosion - Fire,,,No,39.81666666666667,-9.333333333333334,39.81666666666667,-9.333333333333334,Continente
2018-04-12,High sea - Within EEZ,Portugal,Portugal - GAMA,2019/003085,Less Serious,41°45.3' N,10°7.1' W,,04:50,0.0,0.0,,Not Investigated,Yes,,,Material damage - Affecting performance or operational characteristics of the ship,No,,,Engine department - Engine room,Normal service - In passage - Displacement mode,,,Recommended route,Mid-water,,,,Cargo ship - Solid Cargo - General Cargo,SPAIN - Avilés,SPAIN - Tarragona,Damage / loss of equipment,,,No,41.755,-10.118333333333334,41.755,-10.118333333333334,Continente
2017-05-04,Territorial sea,Portugal,Portugal - GAMA,2223/2017,Less Serious,40°52.08' N,8°58.44' W,No,08:00,0.0,1.0,,Not Investigated,Yes,Portugal - Leixões,,,,,,Ship - Deck - Boat deck,Fishing - Fishing,,,No routeing system,Mid-water,,,,Fishing vessel - Seiner - Purse seiner,PORTUGAL - Leixoes,PORTUGAL - Leixoes,,Slipping - Stumbling and falling - Fall of persons - Fall overboard of person,Accident,,40.868,-8.974,40.868,-8.974,Continente
2015-06-10,Territorial sea,Portugal,Portugal - GAMA,2014/2015,Less Serious,38°53.3' N,27°25.9' W,No,13:20,0.0,0.0,,Not Investigated,Yes,Portugal,,No damage,No,No,No,Ship - Other,Normal service - In passage,0.0,0.0,No routeing system,Transit,No,,,Passenger ship - Passenger and Ro-Ro cargo - International,PORTUGAL - Praia da Vitoria,SPAIN - Other,Contact - Floating object,,,No,38.888333333333335,-27.431666666666665,38.888333333333335,-27.431666666666665,Açores
2017-05-25,Territorial sea,Portugal,Portugal - GAMA,2300/2017,Serious,39°38.14' N,9°25.4' W,No,03:55,0.0,2.0,,Not Investigated,Yes,Portugal - Nazaré,,,,,,Ship - Deck - Boat deck,Fishing - Shooting/hauling fishing gear,,,No routeing system,Mid-water,,,,Fishing vessel - Seiner - Purse seiner,PORTUGAL - Figueira da Foz,PORTUGAL - Figueira da Foz,,Slipping - Stumbling and falling - Fall of persons - Fall overboard of person,Accident,,39.635666666666665,-9.423333333333334,39.635666666666665,-9.423333333333334,Continente
2019-10-19,Territorial sea,Portugal,Portugal - GAMA,2019/008902,Very serious,37°41.74' N,9°7.9' W,,11:55,0.0,3.0,,Exceptionally not investigated,Yes,Portugal - Sines,,Loss of ship - Actual loss,Yes,No,No,Engine department - Engine room,Normal service - In passage - Transitional mode,0.0,0.0,No routeing system,Transit,,,,Fishing vessel - Potter,PORTUGAL - Sagres,PORTUGAL - Sesimbra,Flooding/Foundering - Flooding - Massive,,,No,37.69566666666667,-9.131666666666666,37.69566666666667,-9.131666666666666,Continente
2025-11-01,Territorial sea,Portugal,Portugal - GAMA,2025/008818,Less Serious,39°22.8' N,31°10' W,,07:20,0.0,1.0,,Not Investigated,Yes,,0.0,,,No,No,Accommodation - Stairway/Ladders,Normal service - In passage - Displacement mode,0.0,0.0,No routeing system,Departure,,,,Service ship - Special purpose ship,PORTUGAL - Lajes das Flores,PORTUGAL - Other,,Slipping - Stumbling and falling - Fall of persons - Fall of person - to a lower level,Accident,,39.38,-31.166666666666668,39.38,-31.166666666666668,Açores
2023-08-31,Territorial sea,Portugal,Portugal - GAMA,2023/005029,Very serious,39°25' N,9°19.2' W,,04:45,0.0,0.0,,Finished,Yes,,0.0,No damage,No,No,No,Ship - Deck - Main deck,Fishing - Fishing,0.0,0.0,No routeing system,Mid-water,No,,SENHORA DA SAUDE,Fishing vessel - Gillnetter,PORTUGAL - Peniche,PORTUGAL - Peniche,,Slipping - Stumbling and falling - Fall of persons - Fall overboard of person,Accident,No,39.419225011973936,-9.356839283756413,39.416666666666664,-9.32,Continente
2018-07-19,Territorial sea,Portugal,Portugal - GAMA,2633/2018,Very serious,40°45' N,8°54.88' W,No,05:28,0.0,0.0,,Finished,Yes,Portugal - Aveiro,,Material damage,Yes,No,Yes,Engine department - Engine room,Fishing - Fishing,0.0,2.0,No routeing system,Mid-water,Yes,,CRISTO É COMPANHEIRO,Fishing vessel - Seiner - Purse seiner,PORTUGAL - Aveiro,PORTUGAL - Aveiro,Loss of control,,,No,40.75,-8.914666666666667,40.75,-8.914666666666667,Continente
2018-07-19,Territorial sea,Portugal,Portugal - GAMA,2633/2018,Very serious,40°45' N,8°54.88' W,No,05:28,0.0,0.0,,Finished,Yes,Portugal - Aveiro,,Material damage,Yes,No,Yes,Engine department - Engine room,Fishing - Fishing,0.0,2.0,No routeing system,Mid-water,Yes,,CRISTO É COMPANHEIRO,Fishing vessel - Seiner - Purse seiner,PORTUGAL - Aveiro,PORTUGAL - Aveiro,Loss of control - Loss of containment,,,No,40.75,-8.914666666666667,40.75,-8.914666666666667,Continente
2018-07-19,Territorial sea,Portugal,Portugal - GAMA,2633/2018,Very serious,40°45' N,8°54.88' W,No,05:28,0.0,0.0,,Finished,Yes,Portugal - Aveiro,,Material damage,Yes,No,Yes,Engine department - Engine room,Fishing - Fishing,0.0,2.0,No routeing system,Mid-water,Yes,,CRISTO É COMPANHEIRO,Fishing vessel - Seiner - Purse seiner,PORTUGAL - Aveiro,PORTUGAL - Aveiro,Flooding/Foundering - Flooding - Massive,,,No,40.75,-8.914666666666667,40.75,-8.914666666666667,Continente
2019-04-07,Territorial sea,Portugal,Portugal - GAMA,2019/003112,Serious,39°35.94' N,9°6.7' W,No,17:00,0.0,0.0,,Not Investigated,Yes,Portugal - Nazaré,,Material damage - Affecting performance or operational characteristics of the ship,No,No,No,Ship - Propeller/rudder/thruster,Normal service - In passage - Displacement mode,0.0,0.0,No routeing system,Arrival,,,,Fishing vessel - Trawler - Stern,PORTUGAL - Aveiro,PORTUGAL - Aveiro,Loss of control - Loss of propulsion power,,,No,39.599,-9.111666666666666,39.599,-9.111666666666666,Continente
2024-05-29,High sea - Within EEZ,Portugal,Portugal - GAMA,2024/002453,Marine incident,38°16' N,9°52' W,No,10:25,0.0,0.0,,Not Investigated,Yes,,0.0,Minor damage (less than material damage),No,No,No,Engine department - Engine room,Normal service - In passage - Displacement mode,0.0,0.0,No routeing system,Mid-water,No,,,Cargo ship - Liquid Cargo - Chemical tanker,SPAIN - Huelva,PORTUGAL - Setubal,Damage / loss of equipment,,,No,38.266666666666666,-9.866666666666667,38.266666666666666,-9.866666666666667,Continente
2024-05-29,High sea - Within EEZ,Portugal,Portugal - GAMA,2024/002453,Marine incident,38°16' N,9°52' W,No,10:25,0.0,0.0,,Not Investigated,Yes,,0.0,Minor damage (less than material damage),No,No,No,Engine department - Engine room,Normal service - In passage - Displacement mode,0.0,0.0,No routeing system,Mid-water,No,,,Cargo ship - Liquid Cargo - Chemical tanker,SPAIN - Huelva,PORTUGAL - Setubal,Loss of control - Loss of propulsion power,,,No,38.266666666666666,-9.866666666666667,38.266666666666666,-9.866666666666667,Continente
2025-01-02,Territorial sea,Portugal,Portugal - GAMA,2025/000042,Marine incident,36°42.47' N,8°52.27' W,No,06:42,0.0,0.0,,Not Investigated,Yes,,0.0,Minor damage (less than material damage),No,No,No,Engine department - Engine room,Normal service - In passage - Displacement mode,0.0,0.0,No routeing system,Transit,No,,,Cargo ship - Solid Cargo - Refrigerated Cargo,SPAIN - Ceuta,RUSSIAN FEDERATION - St Petersburg (Ex Leningrad),Damage / loss of equipment,,,No,36.70783333333333,-8.871166666666667,36.70783333333333,-8.871166666666667,Continente
2023-03-26,Territorial sea,Portugal,Portugal - GAMA,2023/002744,Serious,37°7.52' N,8°30.12' W,No,05:00,0.0,0.0,,Not Investigated,Yes,Portugal - Portimão,0.0,Material damage - Affecting performance or operational characteristics of the ship,No,No,No,Engine department - Engine room,Normal service - In passage - Displacement mode,0.0,0.0,No routeing system,Mid-water,No,,,Fishing vessel,PORTUGAL - Portimao,PORTUGAL - Portimao,Flooding/Foundering - Flooding - Massive,,,No,37.06037958242699,-8.50334544034804,37.12533333333333,-8.502,Continente
2021-03-11,Territorial sea,Portugal,Portugal - GAMA,2021/001867,Less Serious,38°59.25' N,9°46.16' W,No,11:17,0.0,0.0,,Not Investigated,Yes,Portugal - Lisboa,,Material damage - Affecting performance or operational characteristics of the ship,No,No,No,Engine department - Engine room,Normal service - In passage - Displacement mode,0.0,0.0,Recommended route,Mid-water,No,,,Cargo ship - Solid Cargo - General Cargo,GREECE - Milos,BELGIUM - Antwerpen,Loss of control - Loss of propulsion power,,,No,38.9875,-9.769333333333334,38.9875,-9.769333333333334,Continente
2021-03-11,Territorial sea,Portugal,Portugal - GAMA,2021/001867,Less Serious,38°59.25' N,9°46.16' W,No,11:17,0.0,0.0,,Not Investigated,Yes,Portugal - Lisboa,,Material damage - Affecting performance or operational characteristics of the ship,No,No,No,Engine department - Engine room,Normal service - In passage - Displacement mode,0.0,0.0,Recommended route,Mid-water,No,,,Cargo ship - Solid Cargo - General Cargo,GREECE - Milos,BELGIUM - Antwerpen,Damage / loss of equipment,,,No,38.9875,-9.769333333333334,38.9875,-9.769333333333334,Continente
2025-01-18,Territorial sea,Portugal,Portugal - GAMA,2025/000198,Less Serious,37°2' N,9°14' W,No,05:40,0.0,0.0,,Not Investigated,Yes,,0.0,Minor damage (less than material damage),No,No,No,Engine department - Engine room,Normal service - In passage - Displacement mode,0.0,0.0,Crossing TSS,Transit,No,,,Cargo ship - Liquid Cargo - Chemical tanker,PORTUGAL - Setubal,SPAIN - Algeciras,Damage / loss of equipment,,,No,37.03333333333333,-9.233333333333333,37.03333333333333,-9.233333333333333,Continente
2025-02-25,Territorial sea,Portugal,Portugal - GAMA,2025/000926,Serious,37°33.471' N,25°33.591' W,No,02:15,0.0,0.0,,Not Investigated,Yes,,0.0,Material damage - Affecting marine infrastructure or other ship,No,No,No,Ship - Deck - Boat deck,Unknown,0.0,0.0,No routeing system,Departure,No,,,Recreational craft - Sailboat (aux. motor),PORTUGAL - Ponta Delgada,SPAIN - Other,Collision - With other ship,,,No,37.55785,-25.55985,37.55785,-25.55985,Açores
2025-02-25,Territorial sea,Portugal,Portugal - GAMA,2025/000926,Serious,37°33.471' N,25°33.591' W,No,02:15,0.0,0.0,,Not Investigated,Yes,,0.0,Minor damage (less than material damage),No,,,Ship - Unknown,Normal service - In passage - Displacement mode,,,No routeing system,Mid-water,,,,Cargo ship - Solid Cargo - Bulk Carrier,Unknown,Unknown,Collision - With other ship,,,No,37.55785,-25.55985,37.55785,-25.55985,Açores
2018-11-25,High sea - Within EEZ,Portugal,Portugal - GAMA,2018/003209,Less Serious,39°50.1' N,10°6.7' W,,20:35,0.0,0.0,,Not Investigated,Yes,Portugal - Nazaré,,Minor damage (less than material damage),No,,,Ship - Deck - Main deck,Normal service - In passage - Displacement mode,,,,Transit,,,,Cargo ship - Solid Cargo - General Cargo,Unknown,Unknown,Loss of control - Loss of containment,,,No,39.835,-10.111666666666666,39.835,-10.111666666666666,Continente
2024-10-28,Territorial sea,Portugal,Portugal - GAMA,2024/005244,Very serious,38°39.2' N,27°15.7' W,,10:15,0.0,0.0,,Not Investigated,Yes,,0.0,Loss of ship - Constructive loss,Yes,No,No,N.A.,Other,0.0,0.0,No routeing system,Anchored or alongside,No,,,Service ship - Research ship,Unknown,Unknown,Flooding/Foundering - Flooding - Progressive,,,No,38.653333333333336,-27.261666666666667,38.653333333333336,-27.261666666666667,Açores
2023-09-05,Territorial sea,Portugal,Portugal - GAMA,2023/005471,Serious,39°53.3' N,9°23.7' W,No,17:00,0.0,0.0,,Not Investigated,Yes,Portugal - Nazaré,0.0,Material damage - Affecting performance or operational characteristics of the ship,No,No,No,Engine department - Control room,Fishing - Fishing,0.0,0.0,No routeing system,Mid-water,No,,,Fishing vessel,PORTUGAL - Nazare,PORTUGAL - Leixoes,Damage / loss of equipment,,,No,39.888333333333335,-9.395,39.888333333333335,-9.395,Continente
2019-08-01,Territorial sea,Portugal,Portugal - GAMA,2019/005710,Serious,37°4.626' N,8°40.175' W,No,12:05,0.0,1.0,,Not Investigated,Yes,Portugal - Portimão,,Minor damage (less than material damage),No,No,No,Ship - Deck - Boat deck,Normal service - In passage - Displacement mode,0.0,0.0,No routeing system,Mid-water,,,,Recreational craft - Motorboat,PORTUGAL - Portimao,PORTUGAL - Portimao,Contact - Shore object,,,No,37.0771,-8.669583333333334,37.0771,-8.669583333333334,Continente
2019-08-01,Territorial sea,Portugal,Portugal - GAMA,2019/005710,Serious,37°4.626' N,8°40.175' W,No,12:05,0.0,1.0,,Not Investigated,Yes,Portugal - Portimão,,Minor damage (less than material damage),No,No,No,Ship - Deck - Boat deck,Normal service - In passage - Displacement mode,0.0,0.0,No routeing system,Mid-water,,,,Recreational craft - Motorboat,PORTUGAL - Portimao,PORTUGAL - Portimao,Flooding/Foundering - Flooding - Progressive,,,No,37.0771,-8.669583333333334,37.0771,-8.669583333333334,Continente
2018-06-30,High sea - Outside EEZ,Portugal,Portugal - GAMA,2018/0001548,Less Serious,36°21' N,23°39' W,,09:00,0.0,1.0,,Not Investigated,Yes,,,No damage,No,No,No,Ship - Deck - Boat deck,Fishing - Fishing,0.0,0.0,No routeing system,Mid-water,No,,,Fishing vessel - Liner,PORTUGAL - Ponta Delgada,PORTUGAL - Ponta Delgada,,Slipping - Stumbling and falling - Fall of persons - Fall of person - to a lower level,Accident,No,36.35,-23.65,36.35,-23.65,Açores
2023-12-09,Territorial sea,Portugal,Portugal - GAMA,2024/000068,Less Serious,37°3.2' N,8°29.5' W,No,12:20,0.0,1.0,,Not Investigated,Yes,,0.0,,No,No,No,Ship - Deck - Open deck,Fishing - Gutting/handling/stowing fish,0.0,0.0,No routeing system,Mid-water,No,,,Fishing vessel,PORTUGAL - Portimao,PORTUGAL - Portimao,,Body movement without any physical stress (generally leading to an external injury) - Being caught or carried away; by something or by momentum,Accident,No,37.053333333333335,-8.491666666666667,37.053333333333335,-8.491666666666667,Continente
2025-05-11,High sea - Within EEZ,Portugal,Portugal - GAMA,2025/002989,Less Serious,38°1' N,9°54.4' W,,19:00,0.0,0.0,,Not Investigated,Yes,,0.0,Minor damage (less than material damage),No,No,No,Engine department - Engine room,Normal service - In passage - Displacement mode,0.0,0.0,No routeing system,Transit,No,,,Cargo ship - Liquid Cargo - Oil tanker - Product carrier,SPAIN - Ferrol,TURKEY - Tuzla,Damage / loss of equipment,,,No,38.016666666666666,-9.906666666666666,38.016666666666666,-9.906666666666666,Continente
2022-10-20,Territorial sea,Portugal,Portugal - GAMA,2022/018831,Serious,38°33.787' N,9°35.791' W,No,18:55,0.0,0.0,,Not Investigated,Yes,,0.0,Material damage - Affecting performance or operational characteristics of the ship,No,No,No,Engine department - Steering gear room,Normal service - In passage - Displacement mode,0.0,0.0,Leaving or approaching TSS,Mid-water,No,,,Cargo ship - Solid Cargo - General Cargo,PORTUGAL - Leixoes,PORTUGAL - Setubal,Loss of control - Loss of directional control,,,No,38.563116666666666,-9.596516666666666,38.563116666666666,-9.596516666666666,Continente
2022-02-05,High sea - Within EEZ,Portugal,Portugal - GAMA,2022/015161,Serious,30°2.29' N,14°35.19' W,Material damage - With operational consequences,06:05,0.0,0.0,,Not Investigated,Yes,,0.0,Minor damage (less than material damage),,No,No,Ship - Bow - Port - Above the waterline,Normal service - In passage - Displacement mode,0.0,0.0,No routeing system,Mid-water,No,,,Cargo ship - Liquid Cargo - Liquified gas tanker - LNG - Type 3G,SPAIN - Las Palmas,SPAIN - Arrecife de Lanzarote,Collision - With other ship,,,No,30.038166666666665,-14.5865,30.038166666666665,-14.5865,Madeira
2022-02-05,High sea - Within EEZ,Portugal,Portugal - GAMA,2022/015161,Serious,30°2.29' N,14°35.19' W,Material damage - With operational consequences,06:05,0.0,0.0,,Not Investigated,Yes,,0.0,Material damage - Affecting structural integrity of the ship,No,,,Ship - Over side - Port - Below the waterline,Sailing - On the port tack,,,No routeing system,Mid-water,No,,,Recreational craft - Sailboat (aux. motor),Unknown,Unknown,Collision - With other ship,,,No,30.038166666666665,-14.5865,30.038166666666665,-14.5865,Madeira
2022-11-10,Territorial sea,Portugal,Portugal - GAMA,2022/019478,Very serious,40°52.6' N,8°48.6' W,,17:45,0.0,0.0,,Finished,Yes,Portugal - Aveiro,1.0,,No,No,No,Ship - Deck - Main deck,Normal service - In passage - Displacement mode,0.0,0.0,,Transit,No,,VIRGILIO MIGUEL,Fishing vessel - Seiner - Purse seiner,PORTUGAL - Vila do Conde,PORTUGAL - Figueira da Foz,,Slipping - Stumbling and falling - Fall of persons - Fall overboard of person,Accident,,40.876666666666665,-8.81,40.876666666666665,-8.81,Continente
2024-03-23,Territorial sea,Portugal,Portugal - GAMA,2024/001302,Marine incident,36°45.2' N,8°13.42' W,No,18:43,0.0,0.0,,Not Investigated,Yes,,0.0,No damage,No,No,No,Engine department - Engine room,Normal service - In passage - Displacement mode,0.0,0.0,In a traffic lane,Mid-water,No,,,Cargo ship - Solid Cargo - General Cargo,FRANCE - Brest,SPAIN - Carboneras,Loss of control - Loss of propulsion power,,,No,36.75333333333333,-8.223666666666666,36.75333333333333,-8.223666666666666,Continente
2024-07-24,Territorial sea,Portugal,Portugal - GAMA,2024/003505,Less Serious,38°36.2' N,9°32.8' W,No,21:30,0.0,1.0,,Not Investigated,Yes,,0.0,No damage,No,No,No,Accommodation - Galley spaces,Normal service - In passage - Displacement mode,0.0,0.0,Recommended route,Mid-water,,,,Passenger ship - Only passenger,PORTUGAL - Lisboa,UNITED KINGDOM - Southampton,,Body movement without any physical stress (generally leading to an external injury) - Being caught or carried away; by something or by momentum,Accident,,38.60333333333333,-9.546666666666667,38.60333333333333,-9.546666666666667,Continente
2019-02-20,Territorial sea,Portugal,Portugal - GAMA,2019/004972,Serious,36°56.1' N,7°56.21' W,Material damage - Without operational consequences,20:30,0.0,0.0,,Not Investigated,Yes,Portugal - Faro,,Material damage - Affecting performance or operational characteristics of the ship,No,No,No,Ship - Propeller/rudder/thruster,Normal service - In passage - Displacement mode,0.0,0.0,No routeing system,Transit,,,,Fishing vessel - Trawler - Stern,SPAIN - Isla Cristina,PORTUGAL - Sagres,Loss of control - Loss of propulsion power,,,No,36.935,-7.936833333333333,36.935,-7.936833333333333,Continente
2022-06-08,High sea - Within EEZ,Portugal,Portugal - GAMA,2022/018560,Serious,41°22.9' N,9°15.1' W,,18:30,0.0,0.0,,Not Investigated,Yes,Portugal - Viana do Castelo,0.0,No damage,No,No,No,Engine department - Engine room,Fishing - Fishing,0.0,0.0,,Mid-water,,,,Fishing vessel - Liner,PORTUGAL - Viana do Castelo,PORTUGAL - Viana do Castelo,Loss of control - Loss of propulsion power,,,No,41.38166666666667,-9.251666666666667,41.38166666666667,-9.251666666666667,Continente
2025-01-22,High sea - Within EEZ,Portugal,Portugal - GAMA,2025/000253,Marine incident,36°53.074' N,9°44.28' W,No,13:37,0.0,0.0,,Not Investigated,Yes,,0.0,Minor damage (less than material damage),No,No,No,Engine department - Steering gear room,Normal service - In passage - Displacement mode,0.0,0.0,Crossing TSS,Mid-water,No,,,Cargo ship - Solid Cargo - General Cargo,PORTUGAL - Lisboa,TURKEY - Gemlik,Damage / loss of equipment,,,No,36.884566666666665,-9.738,36.884566666666665,-9.738,Continente
2023-04-26,High sea - Within EEZ,Portugal,Portugal - GAMA,2023/003201,Marine incident,41°2' N,10°4' W,No,17:00,0.0,0.0,,Not Investigated,Yes,,0.0,No damage,No,No,No,Engine department - Engine room,Normal service - In passage - Displacement mode,0.0,0.0,No routeing system,Mid-water,No,,,Cargo ship - Solid Cargo - General Cargo,POLAND - Szczecin,GREECE - Other,Damage / loss of equipment,,,No,41.03333333333333,-10.066666666666666,41.03333333333333,-10.066666666666666,Continente
2025-07-27,Territorial sea,Portugal,Portugal - GAMA,2025/005414,Less Serious,39°37.5' N,9°16.6' W,No,06:10,0.0,0.0,,Not Investigated,Yes,,0.0,Minor damage (less than material damage),No,No,No,Engine department - Engine room,Normal service - In passage - Displacement mode,0.0,0.0,No routeing system,Transit,No,,,Cargo ship - Solid Cargo - General Cargo,TURKEY - Hereke,UNITED KINGDOM - Boston,Damage / loss of equipment,,,No,39.625,-9.276666666666667,39.625,-9.276666666666667,Continente
2019-08-10,Territorial sea,Portugal,Portugal - GAMA,2019/009660,Serious,37°5.13' N,8°25.28' W,No,17:50,0.0,3.0,,Not Investigated,Yes,Portugal - Portimão,,Material damage - Affecting performance or operational characteristics of the ship,No,No,No,Ship - Deck - Boat deck,Normal service - In passage - Displacement mode,0.0,0.0,No routeing system,Mid-water,,,,Recreational craft - Motorboat,PORTUGAL - Portimao,PORTUGAL - Portimao,Capsizing/Listing - Capsizing,,,No,37.0855,-8.421333333333333,37.0855,-8.421333333333333,Continente
2025-01-22,High sea - Within EEZ,Portugal,Portugal - GAMA,2025/000254,Marine incident,37°1.1' N,9°27.5' W,No,13:57,0.0,0.0,,Not Investigated,Yes,,0.0,Minor damage (less than material damage),No,No,No,Engine department - Steering gear room,Normal service - In passage - Displacement mode,0.0,0.0,Crossing TSS,Mid-water,No,,,Cargo ship - Solid Cargo - Bulk Carrier,NETHERLANDS - Rotterdam,UKRAINE - Other,Damage / loss of equipment,,,No,37.01833333333333,-9.458333333333334,37.01833333333333,-9.458333333333334,Continente
2020-08-19,Territorial sea,Portugal,Portugal - GAMA,2020/005354,Very serious,41°9.424' N,8°42.235' W,No,04:30,0.0,0.0,,Finished,Yes,Portugal - Leixões,,Loss of ship - Actual loss,Yes,No,No,Engine department - Engine room,Fishing - Towing fishing gear,0.0,0.0,No routeing system,Mid-water,No,,Nova Estrelinha,Fishing vessel - Seiner - Purse seiner,PORTUGAL - Leixoes,PORTUGAL - Leixoes,Capsizing/Listing - Capsizing,,,No,41.1552470542511,-8.747158440548944,41.157066666666665,-8.703916666666666,Continente
2020-08-19,Territorial sea,Portugal,Portugal - GAMA,2020/005354,Very serious,41°9.424' N,8°42.235' W,No,04:30,0.0,0.0,,Finished,Yes,Portugal - Leixões,,Loss of ship - Actual loss,Yes,No,No,Engine department - Engine room,Fishing - Towing fishing gear,0.0,0.0,No routeing system,Mid-water,No,,Nova Estrelinha,Fishing vessel - Seiner - Purse seiner,PORTUGAL - Leixoes,PORTUGAL - Leixoes,Damage / loss of equipment,,,No,41.1552470542511,-8.747158440548944,41.157066666666665,-8.703916666666666,Continente
2024-01-25,Territorial sea,Portugal,Portugal - GAMA,2024/000646,Less Serious,36°35.27' N,8°56.7' W,No,03:33,0.0,0.0,,Not Investigated,Yes,,0.0,Material damage - Affecting performance or operational characteristics of the ship,No,No,No,Engine department - Engine room,Normal service - In passage - Displacement mode,0.0,0.0,No routeing system,Mid-water,No,,,Cargo ship - Liquid Cargo - Oil tanker - Crude oil,GREECE - Syros (Syra),UNITED KINGDOM - Falmouth,Loss of control - Loss of propulsion power,,,No,36.587833333333336,-8.945,36.587833333333336,-8.945,Continente
2024-09-15,Territorial sea,Portugal,Portugal - GAMA,2024/004446,Serious,41°13' N,8°57.13' W,No,01:32,0.0,0.0,,Not Investigated,Yes,,0.0,No damage,No,No,No,Ship - Unknown,Normal service - In passage - Displacement mode,0.0,0.0,Pilotage area,Transit,No,,,Cargo ship - Solid Cargo - Bulk Carrier,GIBRALTAR - Gibraltar,PORTUGAL - Leixoes,Collision - With other ship,,,No,41.21666666666667,-8.952166666666667,41.21666666666667,-8.952166666666667,Continente
2024-09-15,Territorial sea,Portugal,Portugal - GAMA,2024/004446,Serious,41°13' N,8°57.13' W,No,01:32,0.0,0.0,,Not Investigated,Yes,,0.0,Material damage - Affecting structural integrity of the ship,,,,,,,,,,,,,,,,Collision - With other ship,,,No,41.21666666666667,-8.952166666666667,41.21666666666667,-8.952166666666667,Continente
2025-03-20,High sea - Within EEZ,Portugal,Portugal - GAMA,2025/002944,Serious,36°18.29' N,9°5.59' W,No,04:00,0.0,0.0,,Not Investigated,Yes,,0.0,Material damage - Affecting performance or operational characteristics of the ship,No,No,Yes,Ship - Deck - Main deck,Normal service - In passage - Displacement mode,0.0,20.0,No routeing system,Mid-water,Yes,,,Cargo ship - Solid Cargo - Container Ship,Unknown,SPAIN - Vigo,Loss of control - Loss of containment,,,No,36.304833333333335,-9.093166666666667,36.304833333333335,-9.093166666666667,Continente
2023-01-21,High sea - Within EEZ,Portugal,Portugal - GAMA,2023/000601,Less Serious,36°28.92' N,9°0' W,,08:00,0.0,0.0,,Not Investigated,Yes,Portugal - Lagos,0.0,Minor damage (less than material damage),No,No,No,Engine department - Auxiliary engine room,Normal service - In passage - Displacement mode,0.0,0.0,,Transit,,,,Cargo ship - Liquid Cargo - Oil tanker - Crude oil,PORTUGAL - Sines,SPAIN - Algeciras,Damage / loss of equipment,,,No,36.482,-9.0,36.482,-9.0,Continente
2022-11-17,High sea - Within EEZ,Portugal,Portugal - GAMA,2023/000354,Less Serious,37°54.16' N,9°15.16' W,,16:45,0.0,0.0,,Not Investigated,Yes,Portugal - Sines,0.0,,No,No,No,Engine department - Engine room,Normal service - In passage - Displacement mode,0.0,0.0,,Transit,,,,Cargo ship - Solid Cargo - Container Ship,PORTUGAL - Sines,PORTUGAL - Sines,Loss of control - Loss of propulsion power,,,No,37.90266666666667,-9.252666666666666,37.90266666666667,-9.252666666666666,Continente
2025-06-09,Territorial sea,Portugal,Portugal - GAMA,2025/003704,Very serious,40°2.29' N,9°7.18' W,No,01:00,1.0,0.0,,Finished,Yes,,0.0,,,No,No,Ship - Unknown,Fishing - Fishing,0.0,0.0,No routeing system,Transit,,9179804.0,SAO GONCALINHO,Fishing vessel,PORTUGAL - Figueira da Foz,Unknown,,Slipping - Stumbling and falling - Fall of persons - Fall overboard of person,Accident,No,40.03816666666667,-9.119666666666667,40.03816666666667,-9.119666666666667,Continente
2020-06-26,Territorial sea,Portugal,Portugal - GAMA,2020/005872,Serious,40°39.6' N,9°1' W,No,00:01,0.0,0.0,,Not Investigated,Yes,Portugal - Aveiro,,Material damage - Affecting performance or operational characteristics of the ship,No,No,No,Engine department - Engine room,Fishing - Fishing,0.0,0.0,,Mid-water,No,,,Fishing vessel - Multipurpose - Other multipurpose,PORTUGAL - Aveiro,PORTUGAL - Aveiro,Flooding/Foundering - Flooding - Progressive,,,No,40.66,-9.016666666666667,40.66,-9.016666666666667,Continente
2024-08-01,Territorial sea,Portugal,Portugal - GAMA,2024/003863,Very serious,37°57.63' N,8°53.37' W,No,05:10,0.0,2.0,,Not Investigated,Yes,,0.0,Loss of ship - Constructive loss,No,No,No,Ship - Unknown,Fishing - Gutting/handling/stowing fish,0.0,0.0,Pilotage area,Transit,Unknown,,,Cargo ship - Solid Cargo - General Cargo,PORTUGAL - Sines,PORTUGAL - Sines,Flooding/Foundering - Flooding - Massive,,,No,37.9605,-8.8895,37.9605,-8.8895,Continente
2024-08-01,Territorial sea,Portugal,Portugal - GAMA,2024/003863,Very serious,37°57.63' N,8°53.37' W,No,05:10,0.0,2.0,,Not Investigated,Yes,,0.0,Loss of ship - Constructive loss,No,No,No,Ship - Unknown,Fishing - Gutting/handling/stowing fish,0.0,0.0,Pilotage area,Transit,Unknown,,,Cargo ship - Solid Cargo - General Cargo,PORTUGAL - Sines,PORTUGAL - Sines,Contact - Shore object,,,No,37.9605,-8.8895,37.9605,-8.8895,Continente
2018-05-24,Territorial sea,Portugal,Portugal - GAMA,2044/2018,Very serious,39°25.6' N,9°27.7' W,No,17:00,1.0,0.0,,Finished,Yes,Portugal - Peniche,,Material damage - Affecting performance or operational characteristics of the ship,No,No,No,Ship - Deck - Boat deck,Fishing - Shooting/hauling fishing gear,0.0,0.0,No routeing system,Mid-water,,,MESTRE COMBOIO,Fishing vessel - Seiner - Purse seiner,PORTUGAL - Peniche,PORTUGAL - Peniche,Damage / loss of equipment,,,No,39.42666666666667,-9.461666666666666,39.42666666666667,-9.461666666666666,Continente
2023-11-10,Territorial sea,Portugal,Portugal - GAMA,2023/005831,Marine incident,39°0.63' N,9°46.9' W,No,12:53,0.0,0.0,,Not Investigated,Yes,,0.0,,No,No,No,Engine department - Engine room,Normal service - In passage - Displacement mode,0.0,0.0,No routeing system,Mid-water,No,,,Cargo ship - Solid Cargo - Bulk Carrier,Unknown,Unknown,Damage / loss of equipment,,,No,39.0105,-9.781666666666666,39.0105,-9.781666666666666,Continente
2021-01-06,Territorial sea,Portugal,Portugal - GAMA,2021/000716,Very serious,41°34.51' N,9°10.75' W,,03:10,0.0,1.0,,Finished,Yes,Portugal - Viana do Castelo,,Loss of ship - Actual loss,Yes,No,No,Engine department - Engine room,Fishing - Shooting/hauling fishing gear,0.0,0.0,No routeing system,Mid-water,No,,Samaritana,Fishing vessel - Gillnetter,PORTUGAL - Viana do Castelo,PORTUGAL - Viana do Castelo,Flooding/Foundering - Flooding - Massive,,,No,41.57516666666667,-9.179166666666667,41.57516666666667,-9.179166666666667,Continente
2024-05-09,High sea - Within EEZ,Portugal,Portugal - GAMA,2024/002223,Marine incident,38°10.41' N,9°47.24' W,No,01:50,0.0,0.0,,Not Investigated,Yes,,0.0,Minor damage (less than material damage),No,No,No,Engine department - Engine room,Normal service - In passage - Displacement mode,0.0,0.0,No routeing system,Mid-water,No,,,Cargo ship - Solid Cargo - General Cargo,SPAIN - Avilés,ITALY - La Spezia,Damage / loss of equipment,,,No,38.1735,-9.787333333333333,38.1735,-9.787333333333333,Continente
2023-03-26,Territorial sea,Portugal,Portugal - GAMA,2023/003252,Serious,38°34.4' N,9°11.8' W,No,02:10,0.0,0.0,,Not Investigated,Yes,Portugal - Setúbal,0.0,Minor damage (less than material damage),No,No,No,Ship - Keel,Normal service - In passage - Displacement mode,0.0,0.0,No routeing system,Mid-water,No,,,Fishing vessel - Gillnetter,PORTUGAL - Peniche,PORTUGAL - Peniche,Grounding/stranding - Power,,,No,38.508919571530825,-9.320274865829145,38.57333333333333,-9.196666666666667,Continente
2018-07-23,Territorial sea,Portugal,Portugal - GAMA,2607/2018,Serious,39°35.74' N,9°6.02' W,No,09:20,0.0,0.0,,Not Investigated,Yes,Portugal - Nazaré,,Material damage,No,No,No,Ship - Propeller/rudder/thruster,Fishing - Towing fishing gear,0.0,0.0,No routeing system,Mid-water,No,,,Fishing vessel - Trawler - Stern,PORTUGAL - Aveiro,PORTUGAL - Aveiro,Loss of control,,,No,39.595666666666666,-9.100333333333333,39.595666666666666,-9.100333333333333,Continente
2018-07-23,Territorial sea,Portugal,Portugal - GAMA,2607/2018,Serious,39°35.74' N,9°6.02' W,No,09:20,0.0,0.0,,Not Investigated,Yes,Portugal - Nazaré,,Material damage,No,No,No,Ship - Propeller/rudder/thruster,Fishing - Towing fishing gear,0.0,0.0,No routeing system,Mid-water,No,,,Fishing vessel - Trawler - Stern,PORTUGAL - Aveiro,PORTUGAL - Aveiro,Loss of control - Loss of propulsion power,,,No,39.595666666666666,-9.100333333333333,39.595666666666666,-9.100333333333333,Continente
2020-11-06,High sea - Within EEZ,Portugal,Portugal - GAMA,2021/000323,Less Serious,38°16' N,30°38' W,No,22:00,0.0,1.0,,Not Investigated,Yes,,,No damage,No,No,No,Ship - Deck - Main deck,Fishing - Preparing/stowing fishing gear,0.0,0.0,No routeing system,Mid-water,,,,Fishing vessel - Liner,PORTUGAL - Horta,PORTUGAL - Horta,,Body movement without any physical stress (generally leading to an external injury) - Being caught or carried away; by something or by momentum,Accident,No,38.266666666666666,-30.633333333333333,38.266666666666666,-30.633333333333333,Açores
2025-02-04,High sea - Within EEZ,Portugal,Portugal - GAMA,2025/000438,Less Serious,39°1.791' N,9°45.681' W,No,23:18,0.0,0.0,,Not Investigated,Yes,,0.0,Minor damage (less than material damage),No,No,No,Engine department - Engine room,Normal service - In passage - Displacement mode,0.0,0.0,No routeing system,Mid-water,No,,,Cargo ship - Solid Cargo - General Cargo,SPAIN - Huelva,SWEDEN - Ronnskar,Damage / loss of equipment,,,No,39.02985,-9.76135,39.02985,-9.76135,Continente
2019-04-18,Territorial sea,Portugal,Portugal - GAMA,2019/003102,Less Serious,40°9.28' N,8°55.85' W,,04:30,0.0,0.0,,Not Investigated,Yes,Portugal - Figueira da Foz,,Material damage - Affecting performance or operational characteristics of the ship,No,No,No,Ship - Deck - Forecastle deck,Normal service - At anchor,0.0,0.0,Pilotage area,Anchored or alongside,,,,Cargo ship - Solid Cargo - General Cargo,PORTUGAL - Figueira da Foz,FRANCE - La Pallice,Damage / loss of equipment,,,No,40.154666666666664,-8.930833333333334,40.154666666666664,-8.930833333333334,Continente
2020-07-05,High sea - Within EEZ,Portugal,Portugal - GAMA,2020/005885,Less Serious,40°24.3' N,9°15.3' W,Material damage - With operational consequences,00:13,0.0,0.0,,Not Investigated,Yes,Portugal - Figueira da Foz,,No damage,No,No,No,Ship - Over side - Port - Above the waterline,Normal service - In passage - Displacement mode,0.0,0.0,No routeing system,Mid-water,No,,,Cargo ship - Solid Cargo - Container Ship,PORTUGAL - Sines,PORTUGAL - Leixoes,Collision - With other ship,,,No,40.405,-9.255,40.405,-9.255,Continente
2020-07-05,High sea - Within EEZ,Portugal,Portugal - GAMA,2020/005885,Less Serious,40°24.3' N,9°15.3' W,Material damage - With operational consequences,00:13,0.0,0.0,,Not Investigated,Yes,Portugal - Figueira da Foz,,Material damage - Affecting performance or operational characteristics of the ship,No,No,No,Ship - Deck - Main deck,Normal service - In passage - Displacement mode,,,No routeing system,Mid-water,Unknown,,,Recreational craft - Sailboat (aux. motor),Unknown,PORTUGAL - Figueira da Foz,Collision - With other ship,,,No,40.405,-9.255,40.405,-9.255,Continente
2025-11-14,High sea - Within EEZ,Portugal,Portugal - GAMA,2025/009466,Serious,35°37.97' N,7°16.22' W,No,17:00,0.0,0.0,,Not Investigated,Yes,,0.0,Material damage - Affecting performance or operational characteristics of the ship,No,No,No,Engine department - Engine room,Normal service - In passage - Displacement mode,0.0,0.0,No routeing system,Transit,No,,,Cargo ship - Solid Cargo - Container Ship,SPAIN - Cádiz,SPAIN - Cádiz,Damage / loss of equipment,,,No,35.63283333333333,-7.270333333333333,35.63283333333333,-7.270333333333333,Continente
2025-08-29,Territorial sea,Portugal,Portugal - GAMA,2025/006583,Less Serious,38°37.42' N,9°38.6' W,No,09:00,0.0,0.0,,Not Investigated,Yes,,0.0,Minor damage (less than material damage),No,No,No,Engine department - Engine room,Normal service - In passage - Displacement mode,0.0,0.0,No routeing system,Departure,No,,,Cargo ship - Solid Cargo - General Cargo,PORTUGAL - Lisboa,UNITED KINGDOM - Londonderry,Damage / loss of equipment,,,No,38.623666666666665,-9.643333333333333,38.623666666666665,-9.643333333333333,Continente
2018-07-26,Territorial sea,Portugal,Portugal - GAMA,2577/2018,Serious,37°49.85' N,8°47.86' W,No,19:35,0.0,0.0,,Not Investigated,Yes,Portugal - Sines,,Material damage,No,No,No,Ship - Propeller/rudder/thruster,Normal service - In passage - Displacement mode,0.0,0.0,No routeing system,Mid-water,No,,,Recreational craft - Motorboat,PORTUGAL - Sines,PORTUGAL - Sines,Loss of control,,,No,37.82025438807663,-8.857750763667099,37.83083333333333,-8.797666666666666,Continente
2018-07-26,Territorial sea,Portugal,Portugal - GAMA,2577/2018,Serious,37°49.85' N,8°47.86' W,No,19:35,0.0,0.0,,Not Investigated,Yes,Portugal - Sines,,Material damage,No,No,No,Ship - Propeller/rudder/thruster,Normal service - In passage - Displacement mode,0.0,0.0,No routeing system,Mid-water,No,,,Recreational craft - Motorboat,PORTUGAL - Sines,PORTUGAL - Sines,Loss of control - Loss of propulsion power,,,No,37.82025438807663,-8.857750763667099,37.83083333333333,-8.797666666666666,Continente
2024-07-03,Territorial sea,Portugal,Portugal - GAMA,2024/002919,Very serious,39°49.39' N,9°1.3' W,No,04:07,6.0,9.0,,Finished,Yes,,0.0,Loss of ship - Actual loss,Yes,No,No,Ship - Unknown,Fishing - Fishing,0.0,0.0,No routeing system,Mid-water,Unknown,8799308.0,VIRGEM DOLOROSA,Fishing vessel - Seiner - Purse seiner,PORTUGAL - Figueira da Foz,PORTUGAL - Figueira da Foz,Capsizing/Listing - Capsizing,,,No,39.823166666666665,-9.021666666666667,39.823166666666665,-9.021666666666667,Continente
2025-10-26,Territorial sea,Portugal,Portugal - GAMA,2025/008822,Marine incident,36°38' N,9°43' W,No,23:45,0.0,0.0,,Not Investigated,Yes,,0.0,Minor damage (less than material damage),No,No,No,Ship - Unknown,Normal service - In passage - Displacement mode,0.0,0.0,No routeing system,Unknown,No,,,Cargo ship - Liquid Cargo - Oil tanker - Crude oil,Unknown,Unknown,Damage / loss of equipment,,,No,36.63333333333333,-9.716666666666667,36.63333333333333,-9.716666666666667,Continente
2023-02-20,Territorial sea,Portugal,Portugal - GAMA,2023/001922,Very serious,37°5.02' N,8°27.07' W,No,13:22,0.0,0.0,,Finished,Yes,Portugal - Portimão,0.0,Loss of ship - Constructive loss,Yes,No,No,Engine department - Engine room,Normal service - In passage - Displacement mode,0.0,0.0,No routeing system,Mid-water,No,,SUPER MANGUITO,Recreational craft - Motorboat,PORTUGAL - Portimao,PORTUGAL - Portimao,Flooding/Foundering - Flooding - Progressive,,,Yes,37.083666666666666,-8.451166666666667,37.083666666666666,-8.451166666666667,Continente
2018-10-23,Territorial sea,Portugal,Portugal - GAMA,2018/0001746,Serious,32°36.003' N,16°46.979' W,,13:23,0.0,0.0,,Not Investigated,Yes,Portugal - Funchal,,Material damage - Affecting performance or operational characteristics of the ship,No,No,No,Engine department - Engine room,Normal service - In passage - Displacement mode,0.0,0.0,No routeing system,Arrival,No,,,Fishing vessel - Liner,PORTUGAL - Funchal; Madeira,PORTUGAL - Funchal; Madeira,Loss of control - Loss of propulsion power,,,No,32.60005,-16.782983333333334,32.60005,-16.782983333333334,Madeira
2022-02-07,Territorial sea,Portugal,Portugal - GAMA,2022/008221,Serious,39°3.181' N,27°57.058' W,No,23:20,0.0,0.0,,Not Investigated,Yes,Portugal - Praia Vitória,,Material damage - Affecting performance or operational characteristics of the ship,No,No,No,Ship - Hull - Under waterline,Normal service - In passage - Displacement mode,0.0,0.0,Pilotage area,Departure,No,,,Cargo ship - Liquid Cargo - Oil tanker - Product carrier,PORTUGAL - Praia da Graciosa,PORTUGAL - Praia da Graciosa,Loss of control - Loss of directional control,,,No,39.053016666666664,-27.950966666666666,39.053016666666664,-27.950966666666666,Açores
2022-02-07,Territorial sea,Portugal,Portugal - GAMA,2022/008221,Serious,39°3.181' N,27°57.058' W,No,23:20,0.0,0.0,,Not Investigated,Yes,Portugal - Praia Vitória,,Material damage - Affecting performance or operational characteristics of the ship,No,No,No,Engine department - Engine room,Normal service - In passage - Displacement mode,0.0,0.0,Pilotage area,Departure,No,,,Cargo ship - Liquid Cargo - Oil tanker - Product carrier,PORTUGAL - Praia da Graciosa,PORTUGAL - Praia da Graciosa,Loss of control - Loss of directional control,,,No,39.053016666666664,-27.950966666666666,39.053016666666664,-27.950966666666666,Açores
2019-05-04,Territorial sea,Portugal,Portugal - GAMA,2019/005046,Less Serious,41°19.58' N,8°45.92' W,,17:00,0.0,1.0,,Not Investigated,Yes,Portugal - Póvoa Varzim,,,,No,No,Ship - Deck - Boat deck,Fishing - Fishing,0.0,0.0,No routeing system,Mid-water,,,,Fishing vessel - Trawler - Stern,PORTUGAL - Leixoes,PORTUGAL - Leixoes,,Slipping - Stumbling and falling - Fall of persons - Fall of person - to a lower level,Accident,,41.32633333333333,-8.765333333333333,41.32633333333333,-8.765333333333333,Continente
2023-10-23,Territorial sea,Portugal,Portugal - GAMA,2023/005809,Marine incident,37°1.85' N,9°14.62' W,No,21:00,0.0,0.0,,Not Investigated,Yes,,0.0,,No,No,No,Engine department - Engine room,Normal service - In passage - Displacement mode,0.0,0.0,Unknown,Transit,No,,,Cargo ship - Solid Cargo - Ro-Ro Cargo,Unknown,Unknown,Loss of control - Loss of directional control,,,No,37.030833333333334,-9.243666666666666,37.030833333333334,-9.243666666666666,Continente
2023-11-21,Territorial sea,Portugal,Portugal - GAMA,2023/005847,Marine incident,39°30' N,9°42.3' W,No,15:45,0.0,0.0,,Not Investigated,Yes,,0.0,No damage,No,No,No,Bridge - Other space,Normal service - In passage - Displacement mode,0.0,0.0,Area to be avoided,Transit,No,,,Cargo ship - Solid Cargo - General Cargo,PORTUGAL - Figueira da Foz,SPAIN - Castellón,Loss of control - Loss of directional control,,,No,39.5,-9.705,39.5,-9.705,Continente
2025-10-08,Territorial sea,Portugal,Portugal - GAMA,2025/007745,Less Serious,41°29.2' N,9°1.1' W,No,16:10,0.0,0.0,,Not Investigated,Yes,,0.0,Minor damage (less than material damage),No,No,No,Engine department - Engine room,Normal service - In passage - Displacement mode,0.0,0.0,No routeing system,Transit,No,,,Cargo ship - Solid Cargo - Container Ship,PORTUGAL - Leixoes,IRELAND - Dublin; Dublin,Damage / loss of equipment,,,No,41.486666666666665,-9.018333333333333,41.486666666666665,-9.018333333333333,Continente
2021-10-27,Territorial sea,Portugal,Portugal - GAMA,2021/005873,Very serious,38°24.76' N,9°0.71' W,No,22:45,0.0,0.0,,Finished,Yes,Portugal - Setúbal,,Loss of ship - Actual loss,Yes,No,No,Engine department - Engine room,Normal service - In passage - Displacement mode,0.0,0.0,Pilotage area,Arrival,Unknown,,SEGREDOS DO MAR,Fishing vessel - Seiner - Purse seiner,PORTUGAL - Setubal,PORTUGAL - Setubal,Fire/Explosion - Fire,,,Yes,38.3156094541249,-9.179026984836803,38.41266666666667,-9.011833333333334,Continente
2025-01-11,Territorial sea,Portugal,Portugal - GAMA,2025/000191,Serious,40°36.8' N,8°46.9' W,No,05:10,0.0,0.0,,Not Investigated,Yes,,0.0,Material damage - Affecting performance or operational characteristics of the ship,No,No,No,Engine department - Engine room,Fishing - Fishing,0.0,0.0,No routeing system,Arrival,No,,,Fishing vessel,PORTUGAL - Aveiro,PORTUGAL - Aveiro,Loss of control - Loss of propulsion power,,,No,40.61333333333333,-8.781666666666666,40.61333333333333,-8.781666666666666,Continente
2024-11-02,High sea - Within EEZ,Portugal,Portugal - GAMA,2024/005169,Less Serious,38°24' N,12°44' W,No,15:00,0.0,1.0,,Not Investigated,Yes,,0.0,,No,No,No,Ship - Deck - Open deck,Normal service - In passage - Displacement mode,0.0,0.0,No routeing system,Arrival,No,,,Cargo ship - Solid Cargo - General Cargo,PORTUGAL - Ponta Delgada,PORTUGAL - Lisboa,,Body movement without any physical stress (generally leading to an external injury) - Being caught or carried away; by something or by momentum,Accident,,38.4,-12.733333333333333,38.4,-12.733333333333333,Continente
2024-06-17,Territorial sea,Portugal,Portugal - GAMA,2024/002703,Less Serious,38°41.5' N,9°43.31' W,,11:40,0.0,0.0,,Not Investigated,Yes,Portugal - Setúbal,0.0,Material damage - Affecting performance or operational characteristics of the ship,No,No,No,Engine department - Engine room,Normal service - In passage - Displacement mode,0.0,0.0,No routeing system,Transit,No,,,Cargo ship - Solid Cargo - Bulk Carrier,PORTUGAL - Lisboa,FRANCE - Rouen,Damage / loss of equipment,,,No,38.69166666666667,-9.721833333333333,38.69166666666667,-9.721833333333333,Continente
2019-04-02,Territorial sea,Portugal,Portugal - GAMA,2019/003116,Less Serious,40°15.9' N,9°5' W,No,01:30,0.0,0.0,,Not Investigated,Yes,Portugal - Figueira da Foz,,,,No,No,Ship - Deck - Boat deck,Fishing - Gutting/handling/stowing fish,0.0,0.0,No routeing system,Mid-water,,,,Fishing vessel - Gillnetter,PORTUGAL - Figueira da Foz,PORTUGAL - Figueira da Foz,,Body movement without any physical stress (generally leading to an external injury) - Being caught or carried away; by something or by momentum,Accident,,40.265,-9.083333333333334,40.265,-9.083333333333334,Continente
2018-08-22,Territorial sea,Portugal,Portugal - GAMA,2018/000080,Very serious,37°55.367' N,9°13.48' W,On person(s) - Injury,15:27,0.0,3.0,,Not Investigated,Yes,Portugal - Sines,,Loss of ship - Actual loss,Yes,No,No,Engine department - Auxiliary engine room,Normal service - In passage - Displacement mode,0.0,0.0,No routeing system,Mid-water,No,,,Recreational craft - Houseboat,PORTUGAL - Lagos,PORTUGAL - Oeiras,Flooding/Foundering - Flooding - Massive,,,No,37.922783333333335,-9.224666666666666,37.922783333333335,-9.224666666666666,Continente
2018-08-22,Territorial sea,Portugal,Portugal - GAMA,2018/000080,Very serious,37°55.367' N,9°13.48' W,On person(s) - Injury,15:27,0.0,3.0,,Not Investigated,Yes,Portugal - Sines,,Loss of ship - Actual loss,Yes,No,No,Engine department - Auxiliary engine room,Normal service - In passage - Displacement mode,0.0,0.0,No routeing system,Mid-water,No,,,Recreational craft - Houseboat,PORTUGAL - Lagos,PORTUGAL - Oeiras,Fire/Explosion - Fire,,,No,37.922783333333335,-9.224666666666666,37.922783333333335,-9.224666666666666,Continente
2018-08-22,Territorial sea,Portugal,Portugal - GAMA,2018/000080,Very serious,37°55.367' N,9°13.48' W,On person(s) - Injury,15:27,0.0,3.0,,Not Investigated,Yes,Portugal - Sines,,Loss of ship - Actual loss,Yes,No,No,Engine department - Auxiliary engine room,Normal service - In passage - Displacement mode,0.0,0.0,No routeing system,Mid-water,No,,,Recreational craft - Houseboat,PORTUGAL - Lagos,PORTUGAL - Oeiras,Flooding/Foundering - Foundering,,,No,37.922783333333335,-9.224666666666666,37.922783333333335,-9.224666666666666,Continente
2024-07-11,Territorial sea,Portugal,Portugal - GAMA,2024/003103,Very serious,36°51.84' N,7°47.54' W,,23:49,0.0,0.0,,Finished,Yes,Portugal - Olhão,0.0,Loss of ship - Actual loss,Yes,No,No,Ship - Unknown,Fishing - Fishing,0.0,0.0,No routeing system,Transit,Unknown,,PRAIA DE MONTEGORDO,Fishing vessel - Multipurpose - Trawler-Purse seiner,SPAIN - Ayamonte,SPAIN - Ayamonte,Flooding/Foundering - Flooding - Massive,,,No,36.864,-7.792333333333334,36.864,-7.792333333333334,Continente
2022-02-11,High sea - Within EEZ,Portugal,Portugal - GAMA,2022/015061,Less Serious,37°23.23' N,9°49.19' W,Material damage - With operational consequences,08:37,0.0,0.0,,Not Investigated,Yes,,0.0,Minor damage (less than material damage),No,No,No,Ship - Deck - Main deck,Special service - Towing/pushing,0.0,0.0,No routeing system,Mid-water,No,,,Service ship,PORTUGAL - Setubal,SENEGAL - Dakar,Loss of control - Loss of containment,,,No,37.387166666666666,-9.819833333333333,37.387166666666666,-9.819833333333333,Continente
2018-08-17,Territorial sea,Portugal,Portugal - GAMA,2018/003204,Less Serious,41°20.85' N,8°45.65' W,Material damage - Without operational consequences,04:00,0.0,0.0,,Not Investigated,Yes,Portugal - Vila do Conde,,Minor damage (less than material damage),No,No,No,Ship - Over side - Port - Below the waterline,Fishing - Fishing,0.0,0.0,No routeing system,Transit,No,,,Fishing vessel - Seiner - Purse seiner,PORTUGAL - Vila do Conde,PORTUGAL - Vila do Conde,Contact - Floating object,,,No,41.3475,-8.760833333333334,41.3475,-8.760833333333334,Continente
2020-01-20,High sea - Within EEZ,Portugal,Portugal - GAMA,2020/001512,Less Serious,36°6.9' N,9°50.8' W,,02:25,0.0,0.0,,Not Investigated,Yes,,,Material damage - Affecting performance or operational characteristics of the ship,No,No,No,Engine department - Engine room,Normal service - In passage - Displacement mode,0.0,0.0,Recommended route,Transit,,,,Cargo ship - Solid Cargo - General Cargo,UNITED KINGDOM - Runcorn,ITALY - Cagliari,Damage / loss of equipment,,,No,36.115,-9.846666666666666,36.115,-9.846666666666666,Continente
2024-11-28,Territorial sea,Portugal,Portugal - GAMA,2025/002988,Marine incident,41°20' N,8°50' W,No,01:00,0.0,0.0,,Not Investigated,Yes,,0.0,Minor damage (less than material damage),No,No,No,Engine department - Auxiliary engine room,Fishing - Fishing,0.0,0.0,No routeing system,Transit,No,,,Fishing vessel - Gillnetter,PORTUGAL - Vila do Conde,PORTUGAL - Vila do Conde,Damage / loss of equipment,,,No,41.333333333333336,-8.833333333333334,41.333333333333336,-8.833333333333334,Continente
2024-03-27,Territorial sea,Portugal,Portugal - GAMA,2024/001348,Marine incident,38°29.31' N,9°35.66' W,No,05:44,0.0,0.0,,Not Investigated,Yes,,0.0,Minor damage (less than material damage),No,No,No,Engine department - Engine room,Normal service - In passage - Displacement mode,0.0,0.0,No routeing system,Transit,No,,,Cargo ship - Liquid Cargo - Oil tanker - Crude oil,EGYPT - El Suweis (= Suez),RUSSIAN FEDERATION - Ust-Luga,Loss of control - Loss of propulsion power,,,No,38.4885,-9.594333333333333,38.4885,-9.594333333333333,Continente
2024-08-14,Territorial sea,Portugal,Portugal - GAMA,2024/003901,Serious,40°6.6' N,8°53.4' W,No,16:50,0.0,0.0,,Not Investigated,Yes,,0.0,Minor damage (less than material damage),No,No,No,Engine department - Engine room,Fishing - Gutting/handling/stowing fish,0.0,0.0,Pilotage area,Transit,No,,,Fishing vessel - Gillnetter,PORTUGAL - Figueira da Foz,PORTUGAL - Figueira da Foz,Loss of control - Loss of propulsion power,,,No,40.11,-8.89,40.11,-8.89,Continente
2023-08-25,Territorial sea,Portugal,Portugal - GAMA,2023/005464,Marine incident,36°48.641' N,8°58.651' W,No,08:45,0.0,0.0,,Not Investigated,Yes,,0.0,No damage,No,No,No,Pump room - Pump room,Normal service - In passage - Displacement mode,0.0,0.0,No routeing system,Arrival,No,,,Cargo ship - Solid Cargo - General Cargo,MOROCCO - Casablanca,PORTUGAL - Leixoes,Loss of control - Loss of propulsion power,,,No,36.81068333333333,-8.977516666666666,36.81068333333333,-8.977516666666666,Continente
2018-09-14,Territorial sea,Portugal,Portugal - GAMA,2018/000882,Less Serious,40°7.7' N,8°55.71' W,No,03:30,0.0,1.0,,Not Investigated,Yes,Portugal - Figueira da Foz,,No damage,No,,,Ship - Deck - Boat deck,Normal service - In passage - Displacement mode,,,,,,,,Fishing vessel - Seiner - Purse seiner,PORTUGAL - Figueira da Foz,PORTUGAL - Figueira da Foz,,Body movement without any physical stress (generally leading to an external injury) - Being caught or carried away; by something or by momentum,Accident,No,40.12833333333333,-8.9285,40.12833333333333,-8.9285,Continente
2018-09-14,Territorial sea,Portugal,Portugal - GAMA,2018/000882,Less Serious,40°7.7' N,8°55.71' W,No,03:30,0.0,1.0,,Not Investigated,Yes,Portugal - Figueira da Foz,,No damage,No,,,Ship - Deck - Boat deck,Fishing - Towing fishing gear,,,No routeing system,Mid-water,,,,Fishing vessel - Seiner - Purse seiner,PORTUGAL - Figueira da Foz,PORTUGAL - Figueira da Foz,,Body movement without any physical stress (generally leading to an external injury) - Being caught or carried away; by something or by momentum,Accident,No,40.12833333333333,-8.9285,40.12833333333333,-8.9285,Continente
2025-05-05,Territorial sea,Portugal,Portugal - GAMA,2025/002964,Less Serious,38°10.21' N,8°54' W,No,16:00,0.0,0.0,,Not Investigated,Yes,,0.0,Minor damage (less than material damage),No,No,No,Engine department - Engine room,Normal service - In passage - Displacement mode,0.0,0.0,No routeing system,Transit,No,,,Cargo ship - Solid Cargo - Bulk Carrier,Unknown,Unknown,Damage / loss of equipment,,,No,38.104695474171166,-9.024172929838087,38.17016666666667,-8.9,Continente
2022-09-18,Territorial sea,Portugal,Portugal - GAMA,2022/018733,Serious,39°43.5' N,9°27.8' W,,09:00,0.0,0.0,,Not Investigated,Yes,Portugal - Nazaré,0.0,,No,No,No,Engine department - Steering gear room,Fishing - Towing fishing gear,0.0,0.0,Deep-water route,Unknown,,,,Fishing vessel,PORTUGAL - Nazare,PORTUGAL - Nazare,Loss of control - Loss of propulsion power,,,No,39.725,-9.463333333333333,39.725,-9.463333333333333,Continente
2023-10-17,Territorial sea,Portugal,Portugal - GAMA,2023/005786,Less Serious,37°47.56' N,8°56.29' W,,16:24,0.0,0.0,,Not Investigated,Yes,,0.0,,No,No,No,Cargo and tank areas - Open deck cargo space,Normal service - In passage - Displacement mode,0.0,0.0,No routeing system,Transit,Yes,,,Cargo ship - Solid Cargo - General Cargo,Unknown,Unknown,Capsizing/Listing - Listing,,,No,37.79266666666667,-8.938166666666667,37.79266666666667,-8.938166666666667,Continente
2025-09-20,Territorial sea,Portugal,Portugal - GAMA,2025/007567,Serious,39°16' N,9°24' W,No,14:37,0.0,0.0,,Not Investigated,Yes,Portugal - Peniche,0.0,Material damage - Affecting structural integrity of the ship,No,No,No,Engine department - Engine room,Normal service - In passage - Displacement mode,0.0,0.0,No routeing system,Mid-water,No,,,Recreational craft - Motorboat,PORTUGAL - Peniche,PORTUGAL - Peniche,Fire/Explosion - Fire,,,No,39.26996047497631,-9.45588491642488,39.266666666666666,-9.4,Continente
2023-08-16,High sea - Within EEZ,Portugal,Portugal - GAMA,2023/004788,Marine incident,41°20.54' N,10°11.7' W,,19:32,0.0,1.0,,Not Investigated,Yes,Portugal - Vila do Conde,0.0,,No,No,No,Ship - Deck - Boat deck,Fishing - Fishing,0.0,0.0,No routeing system,Mid-water,,,,Fishing vessel,PORTUGAL - Vila do Conde,PORTUGAL - Vila do Conde,,Shock; fright; violence; aggression; threat; presence - Aggression; jostle - by animal,Accident,No,41.342333333333336,-10.195,41.342333333333336,-10.195,Continente
2025-04-22,Territorial sea,Portugal,Portugal - GAMA,2025/002262,Less Serious,39°35.59' N,30°56.28' W,No,15:00,0.0,1.0,,Not Investigated,Yes,,0.0,,,No,No,Engine department - Other,Normal service - In passage - Displacement mode,0.0,0.0,No routeing system,Mid-water,,,,Service ship - Special purpose ship,PORTUGAL - Other,PORTUGAL - Horta,,Body movement under or with physical stress (generally leading to an internal injury) - Pushing; pulling,Accident,,39.59316666666667,-30.938,39.59316666666667,-30.938,Açores
2024-10-25,Territorial sea,Portugal,Portugal - GAMA,2024/005168,Serious,36°48.7' N,8°50.2' W,No,21:30,0.0,0.0,,Not Investigated,Yes,,0.0,Minor damage (less than material damage),No,No,No,Engine department - Engine room,Fishing - Fishing,0.0,0.0,No routeing system,Transit,No,,,Fishing vessel,PORTUGAL - Portimao,PORTUGAL - Portimao,Damage / loss of equipment,,,No,36.81166666666667,-8.836666666666666,36.81166666666667,-8.836666666666666,Continente
2023-08-15,Territorial sea,Portugal,Portugal - GAMA,2024/000870,Serious,37°5.11' N,8°26.33' W,No,18:18,0.0,1.0,,Not Investigated,Yes,Portugal - Portimão,0.0,Material damage - Affecting marine infrastructure or other ship,No,No,No,Ship - Stern,Normal service - In passage - Displacement mode,0.0,0.0,No routeing system,Transit,No,,,Inland waterway vessel - Recreational craft,PORTUGAL - Portimao,PORTUGAL - Portimao,Contact - Fixed object at sea,,,No,37.085166666666666,-8.438833333333333,37.085166666666666,-8.438833333333333,Continente
2018-07-06,Territorial sea,Portugal,Portugal - GAMA,2697/2018,Very serious,40°57.12' N,9°20.78' W,No,03:30,1.0,0.0,,Finished,Yes,Portugal - Aveiro,,Material damage,Yes,Yes,Yes,Accommodation - Cabin space - crew,Fishing - Fishing,0.001,0.01,Unknown,Mid-water,Yes,,DRACO,Fishing vessel - Trawler - Stern,PORTUGAL - Aveiro,PORTUGAL - Aveiro,Flooding/Foundering - Flooding - Massive,,,No,40.952,-9.346333333333334,40.952,-9.346333333333334,Continente
2021-12-24,Territorial sea,Portugal,Portugal - GAMA,2021/007148,Marine incident,38°54.803' N,9°45.619' W,No,13:48,0.0,0.0,,Not Investigated,Yes,Portugal - Lisboa,,No damage,No,No,No,Engine department - Engine room,Normal service - In passage - Displacement mode,0.0,0.0,In a traffic lane,Mid-water,No,,,Cargo ship - Solid Cargo - Container Ship,GREECE - Piraeus,NETHERLANDS - Rotterdam,Loss of control - Loss of propulsion power,,,No,38.913383333333336,-9.760316666666666,38.913383333333336,-9.760316666666666,Continente
2024-02-28,Territorial sea,Portugal,Portugal - GAMA,2024/000920,Serious,37°50.2' N,8°53.2' W,No,12:45,0.0,0.0,,Not Investigated,Yes,,0.0,Minor damage (less than material damage),No,No,No,Engine department - Engine room,Normal service - In passage - Displacement mode,0.0,0.0,No routeing system,Arrival,No,,,Cargo ship - Solid Cargo - Container Ship,MALAYSIA - Tanjung Pelepas,PORTUGAL - Sines,Loss of control - Loss of containment,,,No,37.836666666666666,-8.886666666666667,37.836666666666666,-8.886666666666667,Continente
2018-11-02,High sea - Within EEZ,Portugal,Portugal - GAMA,2018/0001950,Less Serious,39°15.6' N,9°57.1' W,No,05:52,0.0,1.0,,Not Investigated,Yes,Portugal - Peniche,,,,,,Ship - Deck - Boat deck,Normal service - In passage - Displacement mode,,,No routeing system,Transit,,,,Cargo ship - Liquid Cargo - Oil tanker - Product carrier,SPAIN - Tarragona,NETHERLANDS - Terneuzen,,Body movement without any physical stress (generally leading to an external injury) - Being caught or carried away; by something or by momentum,Accident,,39.26,-9.951666666666666,39.26,-9.951666666666666,Continente
2018-08-21,Territorial sea,Portugal,Portugal - GAMA,2018/003172,Less Serious,40°18.8' N,8°58.5' W,,01:17,0.0,1.0,,Not Investigated,Yes,Portugal - Figueira da Foz,,,No,,,Ship - Deck - Main deck,Fishing - Fishing,,,No routeing system,Mid-water,,,,Fishing vessel - Gillnetter,PORTUGAL - Figueira da Foz,PORTUGAL - Figueira da Foz,,Body movement without any physical stress (generally leading to an external injury) - Being caught or carried away; by something or by momentum,Accident,,40.31333333333333,-8.975,40.31333333333333,-8.975,Continente
2025-03-13,Territorial sea,Portugal,Portugal - GAMA,2025/001294,Less Serious,38°58.21' N,9°46.17' W,No,15:31,0.0,0.0,,Not Investigated,Yes,,0.0,Minor damage (less than material damage),No,No,No,Engine department - Engine room,Normal service - In passage - Displacement mode,0.0,0.0,No routeing system,Departure,No,,,Cargo ship - Solid Cargo - General Cargo,MOROCCO - Jorf Lasfar,DENMARK - Skagen,Damage / loss of equipment,,,No,38.970166666666664,-9.7695,38.970166666666664,-9.7695,Continente
2025-03-13,Territorial sea,Portugal,Portugal - GAMA,2025/001294,Less Serious,38°58.21' N,9°46.17' W,No,15:31,0.0,0.0,,Not Investigated,Yes,,0.0,Minor damage (less than material damage),No,No,No,Engine department - Engine room,Normal service - In passage - Displacement mode,0.0,0.0,No routeing system,Departure,No,,,Cargo ship - Solid Cargo - General Cargo,MOROCCO - Jorf Lasfar,DENMARK - Skagen,Loss of control - Loss of propulsion power,,,No,38.970166666666664,-9.7695,38.970166666666664,-9.7695,Continente
2021-08-23,Territorial sea,Portugal,Portugal - GAMA,2022/008181,Very serious,37°46.17' N,25°48.83' W,No,14:27,1.0,0.0,,Finished,Yes,Portugal - Ponta Delgada,,Material damage - Affecting performance or operational characteristics of the ship,No,No,No,Accommodation - Galley spaces,Normal service - In passage - Displacement mode,0.0,0.0,No routeing system,Mid-water,No,8799827.0,MARIA LEONTINA,Fishing vessel,PORTUGAL - Ponta Delgada,PORTUGAL - Ponta Delgada,Damage / loss of equipment,,,No,37.7695,-25.813833333333335,37.7695,-25.813833333333335,Açores
2022-10-20,Territorial sea,Portugal,Portugal - GAMA,2023/006129,Serious,36°53' N,9°17.17' W,No,11:00,0.0,0.0,,Not Investigated,Yes,,0.0,Material damage - Affecting performance or operational characteristics of the ship,No,No,No,Engine department - Engine room,Normal service - In passage - Displacement mode,0.0,0.0,No routeing system,Arrival,No,,,Cargo ship - Solid Cargo - General Cargo,SPAIN - Sevilla,FRANCE - Montoir-de-Bretagne,Loss of control - Loss of propulsion power,,,No,36.88333333333333,-9.286166666666666,36.88333333333333,-9.286166666666666,Continente
2021-04-15,High sea - Within EEZ,Portugal,Portugal - GAMA,2021/002537,Serious,40°42.54' N,9°44.49' W,No,21:00,0.0,0.0,,Not Investigated,Yes,Portugal - Aveiro,,Material damage - Affecting performance or operational characteristics of the ship,No,No,No,Engine department - Engine room,Normal service - In passage - Displacement mode,0.0,0.0,No routeing system,Mid-water,No,,,Cargo ship - Solid Cargo - General Cargo,TURKEY - Iskenderun,UNITED KINGDOM - Felixstowe,Loss of control - Loss of propulsion power,,,No,40.709,-9.7415,40.709,-9.7415,Continente
2022-07-03,Territorial sea,Portugal,Portugal - GAMA,2022/017301,Serious,32°32.7' N,17°9.28' W,,08:00,0.0,1.0,,Not Investigated,Yes,Portugal - Funchal,0.0,No damage,,No,No,Ship - Deck - Open deck,Fishing - Fishing,0.0,0.0,,Transit,No,,,Fishing vessel,PORTUGAL - Funchal; Madeira,PORTUGAL - Funchal; Madeira,,Slipping - Stumbling and falling - Fall of persons - Slipping - Stumbling and falling - Fall of person - on the same level,Accident,,32.545,-17.154666666666667,32.545,-17.154666666666667,Madeira
2018-07-06,Territorial sea,Portugal,Portugal - GAMA,2694/2018,Serious,37°4.98' N,8°15.15' W,No,14:20,0.0,0.0,,Not Investigated,Yes,Portugal - Portimão,,Material damage,No,No,No,Engine department - Engine room,Normal service - In passage - Displacement mode,0.0,0.0,No routeing system,Transit,No,,,Recreational craft - Motorboat,PORTUGAL - Portimao,PORTUGAL - Portimao,Loss of control - Loss of containment,,,No,37.049110053544545,-8.252450139438897,37.083,-8.2525,Continente
2018-07-06,Territorial sea,Portugal,Portugal - GAMA,2694/2018,Serious,37°4.98' N,8°15.15' W,No,14:20,0.0,0.0,,Not Investigated,Yes,Portugal - Portimão,,Material damage,No,No,No,Engine department - Engine room,Normal service - In passage - Displacement mode,0.0,0.0,No routeing system,Transit,No,,,Recreational craft - Motorboat,PORTUGAL - Portimao,PORTUGAL - Portimao,Loss of control - Loss of propulsion power,,,No,37.049110053544545,-8.252450139438897,37.083,-8.2525,Continente
2023-07-28,High sea - Within EEZ,Portugal,Portugal - GAMA,2023/004414,Serious,39°9.11' N,9°42.62' W,,21:20,0.0,0.0,,Not Investigated,Yes,,0.0,,No,No,No,Engine department - Engine room,Normal service - In passage - Displacement mode,0.0,0.0,Deep-water route,Transit,,,,Cargo ship - Solid Cargo - General Cargo,PORTUGAL - Setubal,PORTUGAL - Viana do Castelo,Damage / loss of equipment,,,No,39.151833333333336,-9.710333333333333,39.151833333333336,-9.710333333333333,Continente
2019-01-24,Territorial sea,Portugal,Portugal - GAMA,2019/001802,Less Serious,37°1.074' N,9°6.79' W,No,09:10,0.0,0.0,,Not Investigated,Yes,Portugal - Sines,,Material damage - Affecting performance or operational characteristics of the ship,No,No,No,Engine department - Engine room,Normal service - In passage - Displacement mode,0.0,0.0,Crossing TSS,Mid-water,,,,Cargo ship - Solid Cargo - Container Ship,SPAIN - Huelva,PORTUGAL - Setubal,Damage / loss of equipment,,,No,37.0179,-9.113166666666666,37.0179,-9.113166666666666,Continente
2019-05-09,Territorial sea,Portugal,Portugal - GAMA,2019/005006,Less Serious,37°5.95' N,8°40.3' W,No,12:00,0.0,0.0,,Not Investigated,Yes,Portugal - Lagos,,No damage,No,No,No,Ship - Keel,Normal service - In passage - Displacement mode,0.0,0.0,No routeing system,Mid-water,,,,Recreational craft - Sailboat (aux. motor),PORTUGAL - Lagos,PORTUGAL - Lagos,Grounding/stranding - Power,,,No,37.09916666666667,-8.671666666666667,37.09916666666667,-8.671666666666667,Continente
2021-06-01,High sea - Within EEZ,Portugal,Portugal - GAMA,2021/005943,Serious,40°18.8' N,10°7.7' W,No,09:45,0.0,0.0,,Not Investigated,Yes,,,Material damage - Affecting performance or operational characteristics of the ship,No,No,No,Engine department - Engine room,Normal service - In passage - Displacement mode,0.0,0.0,No routeing system,Mid-water,No,,,Cargo ship - Solid Cargo - General Cargo,UNITED KINGDOM - Teignmouth,PORTUGAL - Lisboa,Loss of control - Loss of propulsion power,,,No,40.31333333333333,-10.128333333333334,40.31333333333333,-10.128333333333334,Continente
2024-08-12,Territorial sea,Portugal,Portugal - GAMA,2024/003988,Serious,37°0.9' N,8°8.4' W,No,17:02,0.0,7.0,,Not Investigated,Yes,,0.0,Material damage - Affecting performance or operational characteristics of the ship,No,No,No,Engine department - Other,Normal service - In passage - Displacement mode,0.0,0.0,Pilotage area,Transit,No,,,Recreational craft - Motorboat,PORTUGAL - Other,PORTUGAL - Other,Loss of control - Loss of directional control,,,No,37.015,-8.14,37.015,-8.14,Continente
2022-02-16,High sea - Within EEZ,Portugal,Portugal - GAMA,2022/018825,Very serious,37°29.5' N,30°13.3' W,Material damage - With operational consequences,10:47,0.0,0.0,,Finished,Yes,,0.0,Loss of ship - Actual loss,Yes,Unknown,Yes,Cargo and tank areas - Cargo hold,Normal service - In passage - Displacement mode,0.0,0.0,No routeing system,Mid-water,Yes,,,Cargo ship - Solid Cargo - Ro-Ro Cargo,GERMANY - Memmert,UNITED STATES - US - Davisville,Flooding/Foundering - Flooding - Progressive,,,No,37.49166666666667,-30.221666666666668,37.49166666666667,-30.221666666666668,Açores
2022-02-16,High sea - Within EEZ,Portugal,Portugal - GAMA,2022/018825,Very serious,37°29.5' N,30°13.3' W,Material damage - With operational consequences,10:47,0.0,0.0,,Finished,Yes,,0.0,Loss of ship - Actual loss,Yes,Unknown,Yes,Cargo and tank areas - Cargo hold,Normal service - In passage - Displacement mode,0.0,0.0,No routeing system,Mid-water,Yes,,,Cargo ship - Solid Cargo - Ro-Ro Cargo,GERMANY - Memmert,UNITED STATES - US - Davisville,Fire/Explosion - Fire,,,No,37.49166666666667,-30.221666666666668,37.49166666666667,-30.221666666666668,Açores
2024-08-03,High sea - Within EEZ,Portugal,Portugal - GAMA,2024/003790,Marine incident,37°29.44' N,9°42.1' W,No,06:40,0.0,0.0,,Not Investigated,Yes,,0.0,Minor damage (less than material damage),No,No,No,Engine department - Engine room,Normal service - In passage - Displacement mode,0.0,0.0,No routeing system,Mid-water,No,,,Cargo ship - Solid Cargo - Container Ship,SPAIN - Barcelona,NETHERLANDS - Moerdijk,Damage / loss of equipment,,,No,37.49066666666667,-9.701666666666666,37.49066666666667,-9.701666666666666,Continente
2021-12-24,Territorial sea,Portugal,Portugal - GAMA,2021/007147,Marine incident,40°53.8' N,8°54.2' W,No,11:06,0.0,0.0,,Not Investigated,Yes,Portugal - Aveiro,,No damage,No,No,No,Engine department - Compressor room,Normal service - In passage - Displacement mode,0.0,0.0,No routeing system,Departure,No,,,Cargo ship - Solid Cargo - General Cargo,PORTUGAL - Aveiro,SPAIN - Ferrol,Loss of control - Loss of propulsion power,,,No,40.89666666666667,-8.903333333333334,40.89666666666667,-8.903333333333334,Continente
2025-08-21,Territorial sea,Portugal,Portugal - GAMA,2025/006507,Serious,37°4.33' N,8°15.27' W,No,12:10,0.0,1.0,,Not Investigated,Yes,Portugal - Portimão,0.0,Material damage - Affecting performance or operational characteristics of the ship,No,,,Ship - Quarter - Bow - Port - Below the waterline,Normal service - In passage - Displacement mode,,,No routeing system,Mid-water,No,,,Recreational craft - Motorboat,PORTUGAL - Portimao,PORTUGAL - Portimao,Collision - With other ship,,,No,37.07216666666667,-8.2545,37.07216666666667,-8.2545,Continente
2025-08-21,Territorial sea,Portugal,Portugal - GAMA,2025/006507,Serious,37°4.33' N,8°15.27' W,No,12:10,0.0,1.0,,Not Investigated,Yes,Portugal - Portimão,0.0,Material damage - Affecting performance or operational characteristics of the ship,No,No,No,Ship - Deck - Poop deck,Normal service - In passage - Displacement mode,0.0,0.0,No routeing system,Mid-water,No,,,Recreational craft - Motorboat,PORTUGAL - Other,PORTUGAL - Portimao,Collision - With other ship,,,No,37.07216666666667,-8.2545,37.07216666666667,-8.2545,Continente
2025-02-06,High sea - Within EEZ,Portugal,Portugal - GAMA,2025/000535,Marine incident,37°32.9' N,9°47.1' W,No,16:15,0.0,0.0,,Not Investigated,Yes,,0.0,Minor damage (less than material damage),No,No,No,Engine department - Boiler room,Normal service - In passage - Displacement mode,0.0,0.0,No routeing system,Mid-water,No,,,Cargo ship - Solid Cargo - Container Ship,SPAIN - Bilbao,SPAIN - Algeciras,Damage / loss of equipment,,,No,37.54833333333333,-9.785,37.54833333333333,-9.785,Continente
2024-04-10,Territorial sea,Portugal,Portugal - GAMA,2024/001541,Marine incident,36°42.76' N,8°58.49' W,No,01:50,0.0,0.0,,Not Investigated,Yes,,0.0,No damage,No,No,No,Engine department - Engine room,Normal service - In passage - Displacement mode,0.0,0.0,No routeing system,Mid-water,No,,,Cargo ship - Solid Cargo - General Cargo,CANADA - Tangier,RUSSIAN FEDERATION - Murmansk,Damage / loss of equipment,,,No,36.712666666666664,-8.974833333333333,36.712666666666664,-8.974833333333333,Continente
2019-03-03,Territorial sea,Portugal,Portugal - GAMA,2019/004978,Serious,37°5.14' N,8°26.55' W,,13:30,0.0,1.0,,Not Investigated,Yes,Portugal - Portimão,,Material damage - Affecting performance or operational characteristics of the ship,No,No,No,Bridge - Wheelhouse,Normal service - In passage - Displacement mode,0.0,0.0,,Mid-water,,,,Recreational craft - Motorboat,PORTUGAL - Portimao,PORTUGAL - Portimao,Contact - Shore object,,,No,37.08566666666667,-8.4425,37.08566666666667,-8.4425,Continente
2022-01-27,Territorial sea,Portugal,Portugal - GAMA,2022/014822,Serious,38°41.3' N,9°36' W,,10:25,0.0,1.0,,Not Investigated,Yes,Portugal - Lisboa,0.0,No damage,No,No,No,Ship - Deck - Forecastle deck,Fishing - Shooting/hauling fishing gear,0.0,0.0,No routeing system,Mid-water,No,,,Fishing vessel - Multipurpose - Trawler-Purse seiner,PORTUGAL - Peniche,PORTUGAL - Peniche,,Body movement without any physical stress (generally leading to an external injury) - Being caught or carried away; by something or by momentum,Accident,,38.68833333333333,-9.6,38.68833333333333,-9.6,Continente
2022-07-13,Territorial sea,Portugal,Portugal - GAMA,2022/018564,Serious,40°55.18' N,8°52.96' W,,11:40,0.0,1.0,,Not Investigated,Yes,Portugal - Póvoa Varzim,0.0,,,No,No,Ship - Aloft,Fishing - Fishing,0.0,0.0,,Mid-water,,,,Fishing vessel - Liner,PORTUGAL - Matosinhos,PORTUGAL - Matosinhos,,Body movement without any physical stress (generally leading to an external injury) - Being caught or carried away; by something or by momentum,Accident,No,40.919666666666664,-8.882666666666667,40.919666666666664,-8.882666666666667,Continente
2024-10-08,Territorial sea,Portugal,Portugal - GAMA,2024/004345,Marine incident,36°40.49' N,9°26.59' W,No,11:50,0.0,0.0,,Not Investigated,Yes,,0.0,Minor damage (less than material damage),No,No,No,Engine department - Engine room,Normal service - In passage - Displacement mode,0.0,0.0,No routeing system,Transit,No,,,Cargo ship - Liquid Cargo - Chemical tanker,SPAIN - Ceuta,FRANCE - Dunkerque,Damage / loss of equipment,,,No,36.67483333333333,-9.443166666666666,36.67483333333333,-9.443166666666666,Continente
2020-11-05,Territorial sea,Portugal,Portugal - GAMA,2020/007226,Very serious,40°16.48' N,9°28.36' W,No,00:40,0.0,0.0,,Ongoing,Yes,Portugal - Figueira da Foz,,Loss of ship - Actual loss,Yes,Unknown,No,Engine department - Engine room,Normal service - In passage - Displacement mode,0.0,0.0,No routeing system,Mid-water,Yes,,,Cargo ship - Solid Cargo - General Cargo,FRANCE - Nantes,SPAIN - Sevilla,Flooding/Foundering - Foundering,,,No,40.27466666666667,-9.472666666666667,40.27466666666667,-9.472666666666667,Continente
2020-11-05,Territorial sea,Portugal,Portugal - GAMA,2020/007226,Very serious,40°16.48' N,9°28.36' W,No,00:40,0.0,0.0,,Ongoing,Yes,Portugal - Figueira da Foz,,Loss of ship - Actual loss,Yes,Unknown,No,Engine department - Engine room,Normal service - In passage - Displacement mode,0.0,0.0,No routeing system,Mid-water,Yes,,,Cargo ship - Solid Cargo - General Cargo,FRANCE - Nantes,SPAIN - Sevilla,Flooding/Foundering - Flooding - Massive,,,No,40.27466666666667,-9.472666666666667,40.27466666666667,-9.472666666666667,Continente
2024-06-25,Territorial sea,Portugal,Portugal - GAMA,2024/002775,Serious,37°5.2' N,8°26.6' W,No,16:34,0.0,0.0,,Not Investigated,Yes,Portugal - Portimão,0.0,Material damage - Affecting performance or operational characteristics of the ship,No,No,No,Engine department - Engine room,Normal service - In passage - Displacement mode,0.0,0.0,No routeing system,Mid-water,No,,,Passenger ship - Only passenger - Domestic - Class D,PORTUGAL - Portimao,PORTUGAL - Portimao,Loss of control - Loss of propulsion power,,,No,37.086666666666666,-8.443333333333333,37.086666666666666,-8.443333333333333,Continente
2018-04-28,High sea - Within EEZ,Portugal,Portugal - GAMA,1369/2018,Serious,37°37.28' N,27°43.17' W,No,05:00,0.0,7.0,,Not Investigated,Yes,Portugal - Ponta Delgada,,Loss of ship - Actual loss,No,No,No,Ship - Unknown,Fishing - Fishing,0.0,0.0,No routeing system,Arrival,No,,,Fishing vessel - Liner,PORTUGAL - Ponta Delgada,PORTUGAL - Ponta Delgada,Flooding/Foundering - Flooding - Massive,,,No,37.62133333333333,-27.7195,37.62133333333333,-27.7195,Açores
2018-05-20,Territorial sea,Portugal,Portugal - GAMA,2048/2018,Less Serious,40°48.42' N,9°3.55' W,No,07:30,0.0,1.0,,Not Investigated,Yes,Portugal - Aveiro,,,,,,Ship - Deck - Boat deck,Fishing - Shooting/hauling fishing gear,,,No routeing system,Mid-water,,,,Fishing vessel - Seiner - Purse seiner,PORTUGAL - Aveiro,PORTUGAL - Aveiro,,Body movement without any physical stress (generally leading to an external injury) - Being caught or carried away; by something or by momentum,Accident,,40.807,-9.059166666666666,40.807,-9.059166666666666,Continente
2022-11-28,Territorial sea,Portugal,Portugal - GAMA,2022/019838,Marine incident,37°44.3' N,25°39.6' W,,20:30,0.0,1.0,,Not Investigated,Yes,Portugal - Ponta Delgada,0.0,,No,No,No,Ship - Unknown,Normal service - In passage - Displacement mode,0.0,0.0,,Arrival,,,,Passenger ship - Only passenger,PORTUGAL - Praia da Vitoria,PORTUGAL - Ponta Delgada,,Slipping - Stumbling and falling - Fall of persons - Slipping - Stumbling and falling - Fall of person - on the same level,Accident,,37.73833333333333,-25.66,37.73833333333333,-25.66,Açores
2019-03-02,Territorial sea,Portugal,Portugal - GAMA,2019/004971,Serious,37°5.907' N,8°29.999' W,No,16:00,0.0,0.0,,Not Investigated,Yes,Portugal - Portimão,,Material damage - Affecting structural integrity of the ship,No,No,No,Ship - Bow - Port - Below the waterline,Normal service - In passage - Displacement mode,0.0,0.0,No routeing system,Transit,,,,Recreational craft - Motorboat,PORTUGAL - Portimao,PORTUGAL - Portimao,Contact - Floating object - Other,,,No,37.060235052150155,-8.500127739974342,37.09845,-8.499983333333333,Continente
2020-06-13,Territorial sea,Portugal,Portugal - GAMA,2020/005868,Serious,39°41.7' N,9°11.6' W,No,05:00,0.0,0.0,,Not Investigated,Yes,Portugal - Nazaré,,Material damage - Affecting performance or operational characteristics of the ship,No,No,No,Ship - Propeller/rudder/thruster,Fishing - Fishing,0.0,0.0,No routeing system,Mid-water,No,,,Fishing vessel - Trawler - Stern,PORTUGAL - Nazare,PORTUGAL - Nazare,Loss of control - Loss of propulsion power,,,No,39.695,-9.193333333333333,39.695,-9.193333333333333,Continente
2024-10-13,Territorial sea,Portugal,Portugal - GAMA,2024/004541,Serious,37°47.7' N,8°59.81' W,No,10:42,0.0,0.0,,Not Investigated,Yes,,0.0,Material damage - Affecting performance or operational characteristics of the ship,No,No,No,Engine department - Engine room,Fishing - Fishing,0.0,0.0,No routeing system,Transit,No,,,Fishing vessel - Gillnetter,BRAZIL - Vila do Conde,PORTUGAL - Sines,Damage / loss of equipment,,,No,37.795,-8.996833333333333,37.795,-8.996833333333333,Continente
2024-03-20,High sea - Within EEZ,Portugal,Portugal - GAMA,2024/001301,Marine incident,36°35.6' N,8°34.1' W,No,15:46,0.0,0.0,,Not Investigated,Yes,,0.0,No damage,No,No,No,Ship - Bow - Port - Above the waterline,Normal service - In passage - Displacement mode,0.0,0.0,No routeing system,Mid-water,No,,,Cargo ship - Solid Cargo - Bulk Carrier,ALGERIA - Alger (Algiers),FRANCE - Rouen,Loss of control - Loss of containment,,,No,36.593333333333334,-8.568333333333333,36.593333333333334,-8.568333333333333,Continente
2021-08-20,Territorial sea,Portugal,Portugal - GAMA,2021/004625,Serious,38°33.8' N,28°15.8' W,,15:50,0.0,0.0,,Not Investigated,Yes,Portugal - Horta,,Material damage - Affecting performance or operational characteristics of the ship,No,No,No,Engine department - Engine room,Normal service - In passage - Displacement mode,0.0,0.0,No routeing system,Mid-water,No,,,Passenger ship - Passenger and general cargo,PORTUGAL - Horta,PORTUGAL - Velas,Damage / loss of equipment,,,No,38.56333333333333,-28.263333333333332,38.56333333333333,-28.263333333333332,Açores
2021-08-20,Territorial sea,Portugal,Portugal - GAMA,2021/004625,Serious,38°33.8' N,28°15.8' W,,15:50,0.0,0.0,,Not Investigated,Yes,Portugal - Horta,,Material damage - Affecting performance or operational characteristics of the ship,No,No,No,Engine department - Engine room,Normal service - In passage - Displacement mode,0.0,0.0,No routeing system,Mid-water,No,,,Passenger ship - Passenger and general cargo,PORTUGAL - Horta,PORTUGAL - Velas,Flooding/Foundering - Flooding - Progressive,,,No,38.56333333333333,-28.263333333333332,38.56333333333333,-28.263333333333332,Açores
2023-01-17,Territorial sea,Portugal,Portugal - GAMA,2023/000422,Marine incident,41°48.2' N,9°7.52' W,,08:07,0.0,0.0,,Not Investigated,Yes,Portugal - Viana do Castelo,0.0,Minor damage (less than material damage),No,No,No,Engine department - Steering gear room,Normal service - In passage - Displacement mode,0.0,0.0,Deep-water route,Transit,,,,Cargo ship - Solid Cargo - Container Ship,SPAIN - Santa Cruz de Tenerife,SPAIN - Villagarcía de Arousa,Loss of control - Loss of directional control,,,No,41.803333333333335,-9.125333333333334,41.803333333333335,-9.125333333333334,Continente
2018-05-11,Territorial sea,Portugal,Portugal - GAMA,2033/2018,Very serious,37°5.23' N,8°24' W,No,10:21,0.0,0.0,,Finished,Yes,Portugal - Portimão,,Material damage,Yes,No,Yes,Ship - Deck - Boat deck,Normal service - In passage - Transitional mode,0.0,0.001,No routeing system,Mid-water,Yes,,AURORA,Recreational craft - Motorboat,PORTUGAL - Armacao de Pera,PORTUGAL - Armacao de Pera,Capsizing/Listing - Capsizing,,,No,37.08716666666667,-8.4,37.08716666666667,-8.4,Continente
2018-06-13,Territorial sea,Portugal,Portugal - GAMA,2058/2018,Very serious,37°12' N,8°57' W,No,03:10,0.0,0.0,,Finished,Yes,Portugal - Lagos,,Material damage,Yes,No,Yes,Ship - Keel,Fishing - Fishing,0.0,1.0,No routeing system,Mid-water,Yes,,LUZÉ,Fishing vessel - Gillnetter,PORTUGAL - Sines,PORTUGAL - Sines,Flooding/Foundering - Flooding - Massive,,,No,37.20045770155944,-8.98976606623855,37.2,-8.95,Continente
2018-06-13,Territorial sea,Portugal,Portugal - GAMA,2058/2018,Very serious,37°12' N,8°57' W,No,03:10,0.0,0.0,,Finished,Yes,Portugal - Lagos,,Material damage,Yes,No,Yes,Engine department - Engine room,Fishing - Fishing,0.0,1.0,No routeing system,Mid-water,Yes,,LUZÉ,Fishing vessel - Gillnetter,PORTUGAL - Sines,PORTUGAL - Sines,Flooding/Foundering - Flooding - Massive,,,No,37.20045770155944,-8.98976606623855,37.2,-8.95,Continente
2018-06-13,Territorial sea,Portugal,Portugal - GAMA,2058/2018,Very serious,37°12' N,8°57' W,No,03:10,0.0,0.0,,Finished,Yes,Portugal - Lagos,,Material damage,Yes,No,Yes,Ship - Propeller/rudder/thruster,Fishing - Fishing,0.0,1.0,No routeing system,Mid-water,Yes,,LUZÉ,Fishing vessel - Gillnetter,PORTUGAL - Sines,PORTUGAL - Sines,Flooding/Foundering - Flooding - Massive,,,No,37.20045770155944,-8.98976606623855,37.2,-8.95,Continente
2020-09-22,Territorial sea,Portugal,Portugal - GAMA,2020/006147,Less Serious,37°2' N,25°18.5' W,No,21:00,0.0,1.0,,Not Investigated,Yes,Portugal - Santa Cruz das Flores,,No damage,No,No,No,Accommodation - Cabin space - crew,Normal service - In passage - Displacement mode,0.0,0.0,No routeing system,Mid-water,No,,,Cargo ship - Solid Cargo - General Cargo,PORTUGAL - Vila do Porto,PORTUGAL - Praia da Vitoria,,Body movement without any physical stress (generally leading to an external injury) - Being caught or carried away; by something or by momentum,Accident,No,37.03333333333333,-25.308333333333334,37.03333333333333,-25.308333333333334,Açores
2020-08-12,Territorial sea,Portugal,Portugal - GAMA,2020/006008,Serious,36°54.7' N,7°56.4' W,No,11:21,0.0,0.0,,Not Investigated,Yes,Portugal - Faro,,Material damage - Affecting performance or operational characteristics of the ship,No,No,No,Engine department - Engine room,Normal service - In passage - Displacement mode,0.0,0.0,No routeing system,Mid-water,No,,,Fishing vessel - Multipurpose - Trawler-Purse seiner,PORTUGAL - Olhao,PORTUGAL - Olhao,Loss of control - Loss of propulsion power,,,No,36.91166666666667,-7.9399999999999995,36.91166666666667,-7.9399999999999995,Continente
2025-09-17,Territorial sea,Portugal,Portugal - GAMA,2025/007565,Less Serious,39°21' N,9°41.3' W,No,17:30,0.0,1.0,,Not Investigated,Yes,,0.0,,No,No,No,Ship - Unknown,Fishing - Fishing,0.0,0.0,No routeing system,Transit,,,,Fishing vessel - Seiner - Purse seiner,PORTUGAL - Peniche,PORTUGAL - Peniche,,Body movement under or with physical stress (generally leading to an internal injury) - Pushing; pulling,Accident,,39.35,-9.688333333333333,39.35,-9.688333333333333,Continente
2020-10-04,Territorial sea,Portugal,Portugal - GAMA,2021/000328,Less Serious,39°37.458' N,9°9.767' W,No,14:15,0.0,0.0,,Not Investigated,Yes,Portugal - Nazaré,,No damage,Yes,No,No,Ship - Deck - Main deck,Fishing - Shooting/hauling fishing gear,0.0,0.0,No routeing system,Mid-water,,,,Fishing vessel - Gillnetter,PORTUGAL - Nazare,PORTUGAL - Nazare,,Body movement without any physical stress (generally leading to an external injury) - Uncoordinated movements; spurious or untimely actions,Accident,,39.6243,-9.162783333333334,39.6243,-9.162783333333334,Continente
2019-10-17,Territorial sea,Portugal,Portugal - GAMA,2019/009719,Very serious,36°56.87' N,7°54.75' W,No,04:57,0.0,0.0,,Exceptionally not investigated,Yes,Portugal - Lagos,,Loss of ship - Constructive loss,Yes,No,No,Engine department - Engine room,Normal service - In passage - Displacement mode,0.0,0.0,No routeing system,Transit,Unknown,,,Fishing vessel - Multipurpose - Trawler-Purse seiner,PORTUGAL - Olhao,PORTUGAL - Olhao,Capsizing/Listing - Capsizing,,,No,36.947833333333335,-7.9125,36.947833333333335,-7.9125,Continente
2019-10-17,Territorial sea,Portugal,Portugal - GAMA,2019/009719,Very serious,36°56.87' N,7°54.75' W,No,04:57,0.0,0.0,,Exceptionally not investigated,Yes,Portugal - Lagos,,Loss of ship - Constructive loss,Yes,No,No,Engine department - Engine room,Normal service - In passage - Displacement mode,0.0,0.0,No routeing system,Transit,Unknown,,,Fishing vessel - Multipurpose - Trawler-Purse seiner,PORTUGAL - Olhao,PORTUGAL - Olhao,Flooding/Foundering - Flooding - Massive,,,No,36.947833333333335,-7.9125,36.947833333333335,-7.9125,Continente
2019-10-17,Territorial sea,Portugal,Portugal - GAMA,2019/009719,Very serious,36°56.87' N,7°54.75' W,No,04:57,0.0,0.0,,Exceptionally not investigated,Yes,Portugal - Lagos,,Loss of ship - Constructive loss,Yes,No,No,Engine department - Engine room,Normal service - In passage - Displacement mode,0.0,0.0,No routeing system,Transit,Unknown,,,Fishing vessel - Multipurpose - Trawler-Purse seiner,PORTUGAL - Olhao,PORTUGAL - Olhao,Capsizing/Listing - Listing,,,No,36.947833333333335,-7.9125,36.947833333333335,-7.9125,Continente
2018-09-18,Territorial sea,Portugal,Portugal - GAMA,2018/000866,Less Serious,36°59.561' N,8°56.16' W,No,06:14,0.0,0.0,,Not Investigated,Yes,Portugal - Lagos,,Material damage - Affecting performance or operational characteristics of the ship,No,,,Engine department - Engine room,Normal service - In passage - Displacement mode,,,No routeing system,Mid-water,,,,Recreational craft - Sailboat (aux. motor),SPAIN - Cartagena,PORTUGAL - Lisboa,Loss of control - Loss of propulsion power,,,No,36.99268333333333,-8.936,36.99268333333333,-8.936,Continente
2023-01-13,High sea - Within EEZ,Portugal,Portugal - GAMA,2023/000283,Serious,36°18.45' N,7°38.37' W,No,15:55,0.0,0.0,,Not Investigated,Yes,,0.0,,No,No,No,Engine department - Engine room,Normal service - In passage - Displacement mode,0.0,0.0,No routeing system,Mid-water,No,,,Cargo ship - Solid Cargo - General Cargo,TUNISIA - Zarzis,NORWAY - Eydehavn,Damage / loss of equipment,,,No,36.3075,-7.6395,36.3075,-7.6395,Continente
2023-01-13,High sea - Within EEZ,Portugal,Portugal - GAMA,2023/000283,Serious,36°18.45' N,7°38.37' W,No,15:55,0.0,0.0,,Not Investigated,Yes,,0.0,,No,No,No,Engine department - Engine room,Normal service - In passage - Displacement mode,0.0,0.0,No routeing system,Mid-water,No,,,Cargo ship - Solid Cargo - General Cargo,TUNISIA - Zarzis,NORWAY - Eydehavn,Loss of control - Loss of propulsion power,,,No,36.3075,-7.6395,36.3075,-7.6395,Continente
2024-08-07,Territorial sea,Portugal,Portugal - GAMA,2024/003806,Serious,37°5.23' N,8°24.24' W,No,15:50,0.0,0.0,,Not Investigated,Yes,,0.0,Material damage - Affecting marine infrastructure or other ship,No,No,No,Ship - Bow - Port - Above the waterline,Normal service - In passage - Displacement mode,0.0,0.0,Pilotage area,Arrival,No,,,Recreational craft - Motorboat,PORTUGAL - Lagos,PORTUGAL - Lagos,Flooding/Foundering - Foundering,,,No,37.08716666666667,-8.404,37.08716666666667,-8.404,Continente
2022-08-03,Territorial sea,Portugal,Portugal - GAMA,2023/006067,Serious,37°47.2' N,9°5.7' W,No,21:30,0.0,0.0,,Not Investigated,Yes,,0.0,Material damage - Affecting performance or operational characteristics of the ship,No,No,No,Ship - Over side - Starboard - Above the waterline,Normal service - In passage - Displacement mode,0.0,0.0,No routeing system,Mid-water,No,,,Recreational craft - Motorboat,FRANCE - Bordeaux,GREECE - Athinai,Collision - With other ship,,,No,37.78666666666667,-9.095,37.78666666666667,-9.095,Continente
2022-08-03,Territorial sea,Portugal,Portugal - GAMA,2023/006067,Serious,37°47.2' N,9°5.7' W,No,21:30,0.0,0.0,,Not Investigated,Yes,,0.0,No damage,No,,,Ship - Unknown,Normal service - In passage - Displacement mode,,,No routeing system,Mid-water,No,,,Cargo ship - Solid Cargo - Bulk Carrier,Unknown,Unknown,Collision - With other ship,,,No,37.78666666666667,-9.095,37.78666666666667,-9.095,Continente
2024-02-23,Territorial sea,Portugal,Portugal - GAMA,2024/000805,Serious,38°19.55' N,9°22.23' W,No,20:23,0.0,0.0,,Not Investigated,Yes,,0.0,Material damage - Affecting performance or operational characteristics of the ship,No,No,No,Engine department - Engine room,Normal service - In passage - Displacement mode,0.0,0.0,No routeing system,Mid-water,No,,,Cargo ship - Solid Cargo - Bulk Carrier,ALGERIA - Arzew,UNITED KINGDOM - Immingham,Loss of control - Loss of electrical power,,,No,38.325833333333335,-9.3705,38.325833333333335,-9.3705,Continente
2025-07-08,High sea - Within EEZ,Portugal,Portugal - GAMA,2025/004759,Marine incident,37°38.7' N,25°20.2' W,No,09:00,0.0,1.0,,Not Investigated,Yes,,0.0,,,No,No,Ship - Unknown,Normal service - In passage - Displacement mode,0.0,0.0,No routeing system,Mid-water,,,,Cargo ship - Solid Cargo - General Cargo,PORTUGAL - Lisboa,PORTUGAL - Ponta Delgada,,Body movement without any physical stress (generally leading to an external injury) - Uncoordinated movements; spurious or untimely actions,Accident,No,37.645,-25.336666666666666,37.645,-25.336666666666666,Açores
2021-10-28,Territorial sea,Portugal,Portugal - GAMA,2021/005874,Very serious,40°13' N,9°29.2' W,,21:45,1.0,0.0,,Finished,Yes,Portugal - Figueira da Foz,,,,No,No,Ship - Deck - Main deck,Normal service - In passage - Displacement mode,0.0,0.0,No routeing system,Mid-water,,,ALBERTINO CASTANHO,Fishing vessel - Liner,PORTUGAL - Figueira da Foz,PORTUGAL - Figueira da Foz,,Slipping - Stumbling and falling - Fall of persons - Fall overboard of person,Accident,,40.21666666666667,-9.486666666666666,40.21666666666667,-9.486666666666666,Continente
2023-10-31,Territorial sea,Portugal,Portugal - GAMA,2023/005540,Marine incident,38°0.434' N,8°52.837' W,No,22:15,0.0,0.0,,Not Investigated,Yes,Portugal - Sines,0.0,No damage,No,No,No,Engine department - Engine room,Normal service - In passage - Displacement mode,0.0,0.0,No routeing system,Arrival,No,,,Cargo ship - Solid Cargo - Container Ship,INDONESIA - Tanjung Ogogili,PORTUGAL - Sines,Flooding/Foundering - Flooding - Progressive,,,No,37.9895829691596,-8.9396567769211,38.00723333333333,-8.880616666666667,Continente
2020-07-10,Territorial sea,Portugal,Portugal - GAMA,2020/005896,Less Serious,41°35.42' N,8°54.3' W,No,05:30,0.0,0.0,,Not Investigated,Yes,Portugal - Viana do Castelo,,Material damage - Affecting performance or operational characteristics of the ship,No,No,No,Engine department - Engine room,Fishing - Shooting/hauling fishing gear,0.0,0.0,No routeing system,Mid-water,No,,,Fishing vessel - Seiner - Purse seiner,PORTUGAL - Leixoes,PORTUGAL - Leixoes,Flooding/Foundering - Flooding - Progressive,,,No,41.590333333333334,-8.905,41.590333333333334,-8.905,Continente
